"目录ID","500强口径","榜单年份","500强排名","企业名称","榜单匹配方式","行业","平台名称","平台定位","平台主页URL","供应商注册入口URL","覆盖范围","公开性","注册与CA","当前访问状态","最终跳转URL","页面标题","技术形态","Skill采集建议","适配优先级","目标品类线索","重点区域","官方关系证据URL","发现来源URL","榜单官方数据页","排名解析页","核验日期","核验等级","备注"
"C500P-001","2025中国企业500强（中国企业联合会、中国企业家协会）","2025","1","国家电网有限公司","企业名称精确","能源/矿业","国网电子商务平台","综合电子采购","https://ecp.sgcc.com.cn/","https://ecp.sgcc.com.cn/","集团及所属单位","首页可访问，公告公开性待核","公告可先浏览；报名通常需注册，CA/电子签章以项目公告为准","HTTP 200","https://ecp.sgcc.com.cn/ecp2.0/portal/","国家电网新一代电子商务平台","HTML页面（可能含动态接口）","仅作供应商注册或线索源；公告回查企业官网/法定发布平台","A","五金工具;劳保用品;电气电料;消防产品;油漆涂料;保温材料","全国/集团所属单位","https://ecp.sgcc.com.cn/","https://www.hcygov.cn/index.php?a=index&aid=288&c=View&m=home","https://opendata.mofcom.gov.cn/front/data/detail?id=NM014","https://finance.sina.com.cn/zt_d/subject-1757920082/","2026-07-12","B-平台页加目录交叉确认",""
"C500P-002","2025中国企业500强（中国企业联合会、中国企业家协会）","2025","2","中国石油天然气集团有限公司","企业名称精确","能源/矿业","中国石油招标投标网","电子招投标","https://www.cnpcbidding.com/","https://www.cnpcbidding.com/","集团及所属单位","首页可访问，公告公开性待核","注册、入库及CA要求按具体公告核验","HTTP 200","https://www.cnpcbidding.com/","中国石油招标投标网","HTML页面（可能含动态接口）","仅作供应商注册或线索源；公告回查企业官网/法定发布平台","A","五金工具;劳保用品;电气电料;消防产品;油漆涂料;保温材料","全国/集团所属单位","https://www.cnpcbidding.com/","https://www.hcygov.cn/index.php?a=index&aid=288&c=View&m=home","https://opendata.mofcom.gov.cn/front/data/detail?id=NM014","https://finance.sina.com.cn/zt_d/subject-1757920082/","2026-07-12","A-平台页面自证",""
"C500P-003","2025中国企业500强（中国企业联合会、中国企业家协会）","2025","3","中国石油化工集团有限公司","企业名称精确","能源/矿业","中国石化物资采购电子商务平台","综合电子采购","https://ec.sinopec.com/","https://ec.sinopec.com/","集团及所属单位","首页可访问，公告公开性待核","公告可先浏览；报名通常需注册，CA/电子签章以项目公告为准","HTTP 200","https://ec.sinopec.com/","中国石油化工物资采购电子商务系统","HTML页面（可能含动态接口）","仅作供应商注册或线索源；公告回查企业官网/法定发布平台","A","五金工具;劳保用品;电气电料;消防产品;油漆涂料;保温材料","全国/集团所属单位","https://ec.sinopec.com/","https://www.hcygov.cn/index.php?a=index&aid=288&c=View&m=home","https://opendata.mofcom.gov.cn/front/data/detail?id=NM014","https://finance.sina.com.cn/zt_d/subject-1757920082/","2026-07-12","B-平台页加目录交叉确认",""
"C500P-004","2025中国企业500强（中国企业联合会、中国企业家协会）","2025","4","中国建筑股份有限公司","关联企业别名","建筑/交通基建","云筑网","综合电子采购","https://www.yzw.cn/","https://www.yzw.cn/","集团及所属单位","首页可访问，公告公开性待核","公告可先浏览；报名通常需注册，CA/电子签章以项目公告为准","HTTP 200","https://www.yzw.cn/","云筑网首页-拓展幸福空间","HTML页面（可能含动态接口）","仅作供应商注册或线索源；公告回查企业官网/法定发布平台","A","五金工具;劳保用品;电气电料;消防产品;油漆涂料;保温材料","全国/集团所属单位","https://www.yzw.cn/","https://www.hcygov.cn/index.php?a=index&aid=288&c=View&m=home","https://opendata.mofcom.gov.cn/front/data/detail?id=NM014","https://finance.sina.com.cn/zt_d/subject-1757920082/","2026-07-12","A-平台页面自证","平台主体为集团母体，榜单主体为关联经营/上市主体。"
"C500P-005","2025中国企业500强（中国企业联合会、中国企业家协会）","2025","9","中国铁路工程集团有限公司","企业名称精确","建筑/交通基建","中国鲁班商务网","综合电子采购","https://www.crecgec.com/","https://www.crecgec.com/","集团及所属单位","公开可浏览公告/线索","公告可先浏览；报名通常需注册，CA/电子签章以项目公告为准","HTTP 200","https://www.crecgec.com/","中铁鲁班商务网","HTML页面（可能含动态接口）","优先列表页/详情页直接抓取；按项目编号追踪变更、终止和重招","A","五金工具;劳保用品;电气电料;消防产品;油漆涂料;保温材料","全国/集团所属单位","https://www.crecgec.com/","https://www.hcygov.cn/index.php?a=index&aid=288&c=View&m=home","https://opendata.mofcom.gov.cn/front/data/detail?id=NM014","https://finance.sina.com.cn/zt_d/subject-1757920082/","2026-07-12","B-平台页加目录交叉确认",""
"C500P-006","2025中国企业500强（中国企业联合会、中国企业家协会）","2025","13","中国铁道建筑集团有限公司","企业名称精确","建筑/交通基建","中国铁建物资采购网","综合电子采购","https://ecm.crcc.cn/","https://ecm.crcc.cn/","集团及所属单位","访问受限，需人工浏览器复核","公告可先浏览；报名通常需注册，CA/电子签章以项目公告为准","超时/中止（UND_ERR_CONNECT_TIMEOUT: fetch failed）","","","当前访问受限","搜索引擎site:发现 + 真实浏览器人工复核；记录blocked/error，不记no_results","A","五金工具;劳保用品;电气电料;消防产品;油漆涂料;保温材料","全国/集团所属单位","https://ecm.crcc.cn/","https://www.hcygov.cn/index.php?a=index&aid=288&c=View&m=home","https://opendata.mofcom.gov.cn/front/data/detail?id=NM014","https://finance.sina.com.cn/zt_d/subject-1757920082/","2026-07-12","C-当前访问受限，需复核",""
"C500P-007","2025中国企业500强（中国企业联合会、中国企业家协会）","2025","15","中国交通建设集团有限公司","企业名称精确","建筑/交通基建","中交集团供应链管理信息系统","供应链采购","http://ec.ccccltd.cn/","http://ec.ccccltd.cn/","集团及所属单位","访问受限，需人工浏览器复核","注册、入库及CA要求按具体公告核验","HTTP 504","http://ec.ccccltd.cn/","","当前访问受限","搜索引擎site:发现 + 真实浏览器人工复核；记录blocked/error，不记no_results","A","五金工具;劳保用品;电气电料;消防产品;油漆涂料;保温材料","全国/集团所属单位","http://ec.ccccltd.cn/","https://www.hcygov.cn/index.php?a=index&aid=288&c=View&m=home","https://opendata.mofcom.gov.cn/front/data/detail?id=NM014","https://finance.sina.com.cn/zt_d/subject-1757920082/","2026-07-12","C-当前访问受限，需复核",""
"C500P-008","2025中国企业500强（中国企业联合会、中国企业家协会）","2025","18","中国海洋石油集团有限公司","企业名称精确","能源/矿业","中国海洋石油集团采办业务管理与交易系统","综合电子采购","https://buy.cnooc.com.cn/","https://buy.cnooc.com.cn/","集团及所属单位","访问受限，需人工浏览器复核","公告可先浏览；报名通常需注册，CA/电子签章以项目公告为准","连接错误（TypeError: fetch failed）","","","当前访问受限","搜索引擎site:发现 + 真实浏览器人工复核；记录blocked/error，不记no_results","A","五金工具;劳保用品;电气电料;消防产品;油漆涂料;保温材料","全国/集团所属单位","https://buy.cnooc.com.cn/","https://www.hcygov.cn/index.php?a=index&aid=288&c=View&m=home","https://opendata.mofcom.gov.cn/front/data/detail?id=NM014","https://finance.sina.com.cn/zt_d/subject-1757920082/","2026-07-12","C-当前访问受限，需复核",""
"C500P-009","2025中国企业500强（中国企业联合会、中国企业家协会）","2025","20","中国宝武钢铁集团有限公司","企业名称精确","钢铁/有色/材料","欧贝","综合电子采购","https://www.obei.com.cn/","https://www.obei.com.cn/","集团及所属单位","访问受限，需人工浏览器复核","公告可先浏览；报名通常需注册，CA/电子签章以项目公告为准","HTTP 412","https://www.obei.com.cn/","","当前访问受限","搜索引擎site:发现 + 真实浏览器人工复核；记录blocked/error，不记no_results","A","五金工具;劳保用品;电气电料;消防产品;油漆涂料;保温材料","全国/集团所属单位","https://www.obei.com.cn/","https://www.hcygov.cn/index.php?a=index&aid=288&c=View&m=home","https://opendata.mofcom.gov.cn/front/data/detail?id=NM014","https://finance.sina.com.cn/zt_d/subject-1757920082/","2026-07-12","C-当前访问受限，需复核",""
"C500P-010","2025中国企业500强（中国企业联合会、中国企业家协会）","2025","22","山东能源集团有限公司","企业名称精确","能源/矿业","山东能源集团电子招标投标交易平台","电子招投标","https://snbid.minegoods.com/","https://snbid.minegoods.com/","集团及所属单位","首页可访问，公告公开性待核","注册、入库及CA要求按具体公告核验","HTTP 200","https://snbid.minegoods.com/","山东能源集团交易平台","HTML页面（可能含动态接口）","仅作供应商注册或线索源；公告回查企业官网/法定发布平台","A","五金工具;劳保用品;电气电料;消防产品;油漆涂料;保温材料","山东;陕西;内蒙古;新疆等所属单位","https://snbid.minegoods.com/","https://snbid.minegoods.com/","https://opendata.mofcom.gov.cn/front/data/detail?id=NM014","https://finance.sina.com.cn/zt_d/subject-1757920082/","2026-07-12","A-平台页面自证",""
"C500P-011","2025中国企业500强（中国企业联合会、中国企业家协会）","2025","22","山东能源集团有限公司","企业名称精确","能源/矿业","山东能源集团在线询比价","在线询比价","https://snxy.minegoods.com/","https://snxy.minegoods.com/","集团及所属单位","访问受限，需人工浏览器复核","公告可先浏览；报名通常需注册，CA/电子签章以项目公告为准","HTTP 502","https://snxy.minegoods.com/","502 Bad Gateway","当前访问受限","搜索引擎site:发现 + 真实浏览器人工复核；记录blocked/error，不记no_results","A","五金工具;劳保用品;电气电料;消防产品;油漆涂料;保温材料","山东;陕西;内蒙古;新疆等所属单位","https://snxy.minegoods.com/","https://snxy.minegoods.com/","https://opendata.mofcom.gov.cn/front/data/detail?id=NM014","https://finance.sina.com.cn/zt_d/subject-1757920082/","2026-07-12","C-当前访问受限，需复核",""
"C500P-012","2025中国企业500强（中国企业联合会、中国企业家协会）","2025","24","中国南方电网有限责任公司","企业名称精确","能源/矿业","中国南方电网供应链统一服务平台","供应链采购","http://www.bidding.csg.cn/","http://www.bidding.csg.cn/","集团及所属单位","登录/注册后为主","注册、入库及CA要求按具体公告核验","HTTP 200","http://www.bidding.csg.cn/","中国南方电网-供应链统一服务平台","HTML页面（可能含动态接口）","仅作供应商注册或线索源；公告回查企业官网/法定发布平台","A","五金工具;劳保用品;电气电料;消防产品;油漆涂料;保温材料","全国/集团所属单位","http://www.bidding.csg.cn/","https://www.hcygov.cn/index.php?a=index&aid=288&c=View&m=home","https://opendata.mofcom.gov.cn/front/data/detail?id=NM014","https://finance.sina.com.cn/zt_d/subject-1757920082/","2026-07-12","A-平台页面自证",""
"C500P-013","2025中国企业500强（中国企业联合会、中国企业家协会）","2025","25","中国五矿集团有限公司","企业名称精确","钢铁/有色/材料","中国五矿集团采购电子商务平台","综合电子采购","https://ec.minmetals.com.cn/","https://ec.minmetals.com.cn/","集团及所属单位","动态门户（浏览器核验）","公告可先浏览；报名通常需注册，CA/电子签章以项目公告为准","HTTP 200","https://ec.minmetals.com.cn/logonAction.do","中国五矿集团有限公司供应链管理平台","SPA/前端动态渲染","浏览器渲染首页与筛选器；无法稳定取数时仅作发现源","A","五金工具;劳保用品;电气电料;消防产品;油漆涂料;保温材料","全国/集团所属单位","https://ec.minmetals.com.cn/","https://www.hcygov.cn/index.php?a=index&aid=288&c=View&m=home","https://opendata.mofcom.gov.cn/front/data/detail?id=NM014","https://finance.sina.com.cn/zt_d/subject-1757920082/","2026-07-12","A-平台页面自证",""
"C500P-014","2025中国企业500强（中国企业联合会、中国企业家协会）","2025","26","比亚迪股份有限公司","企业名称精确","汽车/装备制造","比亚迪供应商门户","供应商门户/招标/招募","https://spcn.byd.com/","https://spcn.byd.com/","集团及所属单位","动态门户（浏览器核验）","需注册并通过供应商审核；CA以具体项目为准","HTTP 200","https://spcn.byd.com/","供应商门户","SPA/前端动态渲染","浏览器渲染首页与筛选器；无法稳定取数时仅作发现源","A","五金工具;劳保用品;电气电料;消防产品;油漆涂料;保温材料","全国/集团所属单位","https://spcn.byd.com/","https://spcn.byd.com/","https://opendata.mofcom.gov.cn/front/data/detail?id=NM014","https://finance.sina.com.cn/zt_d/subject-1757920082/","2026-07-12","A-平台自证",""
"C500P-015","2025中国企业500强（中国企业联合会、中国企业家协会）","2025","27","国家能源投资集团有限责任公司","企业名称精确","能源/矿业","国能e购","电子商城/询比价","https://www.e-chnenergy.com/","https://www.e-chnenergy.com/","集团通用物资及MRO","首页可访问，公告公开性待核","公告可先浏览；报名通常需注册，CA/电子签章以项目公告为准","HTTP 200","https://www.e-chnenergy.com/","国能e商","HTML页面（可能含动态接口）","仅作供应商注册或线索源；公告回查企业官网/法定发布平台","A","五金工具;劳保用品;电气电料;消防产品;油漆涂料;保温材料","全国/集团所属单位","https://gd-prod.cn-beijing.oss.aliyuncs.com/upload/cms/article/aboutUs/296.html","https://gd-prod.cn-beijing.oss.aliyuncs.com/upload/cms/article/aboutUs/296.html","https://opendata.mofcom.gov.cn/front/data/detail?id=NM014","https://finance.sina.com.cn/zt_d/subject-1757920082/","2026-07-12","B-企业官网/公告确认","重点关注电子超市、MRO标准工业品、询比价和铺货资格预审。"
"C500P-016","2025中国企业500强（中国企业联合会、中国企业家协会）","2025","27","国家能源投资集团有限责任公司","企业名称精确","能源/矿业","国能e招","公开招标/非招标","https://www.chnenergybidding.com.cn/bidweb/","https://www.chnenergybidding.com.cn/bidweb/","集团全国项目","公开可浏览公告/线索","公告可先浏览；报名通常需注册，CA/电子签章以项目公告为准","HTTP 200","https://www.chnenergybidding.com.cn/bidweb/","国能e招","HTML页面（可能含动态接口）","优先列表页/详情页直接抓取；按项目编号追踪变更、终止和重招","A","五金工具;劳保用品;电气电料;消防产品;油漆涂料;保温材料","全国/集团所属单位","https://www.chnenergybidding.com.cn/bidweb/","https://www.chnenergybidding.com.cn/bidweb/","https://opendata.mofcom.gov.cn/front/data/detail?id=NM014","https://finance.sina.com.cn/zt_d/subject-1757920082/","2026-07-12","A-平台页面自证","公开公告量大；招标、非招标、变更、候选人及中标结果分类完整。"
"C500P-017","2025中国企业500强（中国企业联合会、中国企业家协会）","2025","29","中国电力建设集团有限公司","企业名称精确","能源/矿业","中国电建公共资源交易服务平台","综合电子采购","https://bid.powerchina.cn/","https://bid.powerchina.cn/","集团及所属单位","首页可访问，公告公开性待核","公告可先浏览；报名通常需注册，CA/电子签章以项目公告为准","HTTP 200","https://bid.powerchina.cn/","中国电建阳光采购网","HTML页面（可能含动态接口）","仅作供应商注册或线索源；公告回查企业官网/法定发布平台","A","五金工具;劳保用品;电气电料;消防产品;油漆涂料;保温材料","全国/集团所属单位","https://bid.powerchina.cn/","https://www.hcygov.cn/index.php?a=index&aid=288&c=View&m=home","https://opendata.mofcom.gov.cn/front/data/detail?id=NM014","https://finance.sina.com.cn/zt_d/subject-1757920082/","2026-07-12","A-平台页面自证",""
"C500P-018","2025中国企业500强（中国企业联合会、中国企业家协会）","2025","30","中国邮政集团有限公司","企业名称精确","航空/物流","中国邮政电子采购与供应平台","综合电子采购","https://cg.11185.cn/","https://cg.11185.cn/","集团及全国分支机构","首页可访问，公告公开性待核","公告可先浏览；报名通常需注册，CA/电子签章以项目公告为准","HTTP 200","https://cg.11185.cn/","中国邮政电子采购与物资供应平台","HTML页面（可能含动态接口）","仅作供应商注册或线索源；公告回查企业官网/法定发布平台","A","劳保用品;消防产品;电气电料;五金工具;日杂用品","全国/集团所属单位","https://cg.11185.cn/","https://cg.11185.cn/","https://opendata.mofcom.gov.cn/front/data/detail?id=NM014","https://finance.sina.com.cn/zt_d/subject-1757920082/","2026-07-12","A-平台页面自证",""
"C500P-019","2025中国企业500强（中国企业联合会、中国企业家协会）","2025","39","浙江吉利控股集团有限公司","企业名称精确","汽车/装备制造","吉利电子招标采购平台","电子招投标","https://zb.geely.com/","https://zb.geely.com/","集团及所属单位","访问受限，需人工浏览器复核","注册、入库及CA要求按具体公告核验","证书/TLS错误（ERR_SSL_UNSAFE_LEGACY_RENEGOTIATION_DISABLED: fetch failed）","","","当前访问受限","搜索引擎site:发现 + 真实浏览器人工复核；记录blocked/error，不记no_results","A","五金工具;劳保用品;电气电料;消防产品;油漆涂料;保温材料","全国/集团所属单位","https://zb.geely.com/","https://zb.geely.com/","https://opendata.mofcom.gov.cn/front/data/detail?id=NM014","https://finance.sina.com.cn/zt_d/subject-1757920082/","2026-07-12","C-当前访问受限，需复核",""
"C500P-020","2025中国企业500强（中国企业联合会、中国企业家协会）","2025","41","中国第一汽车集团有限公司","企业名称精确","汽车/装备制造","中国一汽电子招标采购电子交易平台","电子招投标","https://etp.faw.cn/","https://etp.faw.cn/","集团及所属单位","公开可浏览公告/线索","注册、入库及CA要求按具体公告核验","HTTP 200","https://etp.faw.cn/","中国一汽电子招标采购交易平台","HTML页面（可能含动态接口）","优先列表页/详情页直接抓取；按项目编号追踪变更、终止和重招","A","五金工具;劳保用品;电气电料;消防产品;油漆涂料;保温材料","全国/集团所属单位","https://etp.faw.cn/","https://www.hcygov.cn/index.php?a=index&aid=288&c=View&m=home","https://opendata.mofcom.gov.cn/front/data/detail?id=NM014","https://finance.sina.com.cn/zt_d/subject-1757920082/","2026-07-12","A-平台页面自证",""
"C500P-021","2025中国企业500强（中国企业联合会、中国企业家协会）","2025","46","陕西煤业化工集团有限责任公司","企业名称精确","能源/矿业","秦源招标电子招投标平台","电子招投标","https://qyzb.shccmg.com/","https://qyzb.shccmg.com/","集团及所属单位","公开可浏览公告/线索","注册、入库及CA要求按具体公告核验","HTTP 200","https://qyzb.shccmg.com/cms/default/webfile/index.html","秦源招标电子招标平台","HTML页面（可能含动态接口）","优先列表页/详情页直接抓取；按项目编号追踪变更、终止和重招","A","五金工具;劳保用品;电气电料;消防产品;油漆涂料;保温材料","陕西;兼有集团外项目","https://qyzb.shccmg.com/","https://qyzb.shccmg.com/","https://opendata.mofcom.gov.cn/front/data/detail?id=NM014","https://finance.sina.com.cn/zt_d/subject-1757920082/","2026-07-12","A-平台页面自证",""
"C500P-022","2025中国企业500强（中国企业联合会、中国企业家协会）","2025","51","中国铝业集团有限公司","企业名称精确","钢铁/有色/材料","中铝集团电子招投标平台","电子招投标","https://eb.chinalco.com.cn/","https://eb.chinalco.com.cn/","集团及所属单位","访问受限，需人工浏览器复核","注册、入库及CA要求按具体公告核验","证书/TLS错误（ERR_TLS_CERT_ALTNAME_INVALID: fetch failed）","","","当前访问受限","搜索引擎site:发现 + 真实浏览器人工复核；记录blocked/error，不记no_results","A","五金工具;劳保用品;电气电料;消防产品;油漆涂料;保温材料","全国/集团所属单位","https://eb.chinalco.com.cn/","https://www.hcygov.cn/index.php?a=index&aid=288&c=View&m=home","https://opendata.mofcom.gov.cn/front/data/detail?id=NM014","https://finance.sina.com.cn/zt_d/subject-1757920082/","2026-07-12","C-当前访问受限，需复核",""
"C500P-023","2025中国企业500强（中国企业联合会、中国企业家协会）","2025","57","中国能源建设集团有限公司","企业名称精确","能源/矿业","中国能建电子采购平台","综合电子采购","https://ec.ceec.net.cn/","https://ec.ceec.net.cn/","集团及所属单位","公开可浏览公告/线索","公告可先浏览；报名通常需注册，CA/电子签章以项目公告为准","HTTP 200","https://ec.ceec.net.cn/","中国能源建设集团（股份）有限公司-电子采购平台首页|中国能建电子采购平台","HTML页面（可能含动态接口）","优先列表页/详情页直接抓取；按项目编号追踪变更、终止和重招","A","五金工具;劳保用品;电气电料;消防产品;油漆涂料;保温材料","全国/集团所属单位","https://ec.ceec.net.cn/","https://www.hcygov.cn/index.php?a=index&aid=288&c=View&m=home","https://opendata.mofcom.gov.cn/front/data/detail?id=NM014","https://finance.sina.com.cn/zt_d/subject-1757920082/","2026-07-12","A-平台页面自证",""
"C500P-024","2025中国企业500强（中国企业联合会、中国企业家协会）","2025","58","奇瑞控股集团有限公司","企业名称精确","汽车/装备制造","奇瑞集团采购服务平台","招标/招募/供应商门户","https://ebd.mychery.com/","https://ebd.mychery.com/","集团及所属单位","公开可浏览公告/线索","需注册并通过供应商审核；CA以具体项目为准","HTTP 200","https://ebd.mychery.com/","奇瑞集团采购服务平台","HTML页面（可能含动态接口）","优先列表页/详情页直接抓取；按项目编号追踪变更、终止和重招","A","五金工具;劳保用品;电气电料;消防产品;油漆涂料;保温材料","全国/集团所属单位","https://ebd.mychery.com/","https://ebd.mychery.com/","https://opendata.mofcom.gov.cn/front/data/detail?id=NM014","https://finance.sina.com.cn/zt_d/subject-1757920082/","2026-07-12","A-平台页面自证",""
"C500P-025","2025中国企业500强（中国企业联合会、中国企业家协会）","2025","62","美的集团股份有限公司","企业名称精确","装备/制造","美的全球供应商云平台（GSC）","供应商门户/开放寻源","https://gsc.midea.com/","https://gsc.midea.com/","集团及所属单位","首页可访问，公告公开性待核","需注册并通过供应商审核；CA以具体项目为准","HTTP 200","https://gsc.midea.com/","美的(midea)","HTML页面（可能含动态接口）","仅作供应商注册或线索源；公告回查企业官网/法定发布平台","A","五金工具;劳保用品;电气电料;消防产品;油漆涂料;保温材料","全国/集团所属单位","https://gsc.midea.com/","https://gsc.midea.com/","https://opendata.mofcom.gov.cn/front/data/detail?id=NM014","https://finance.sina.com.cn/zt_d/subject-1757920082/","2026-07-12","A-平台自证",""
"C500P-026","2025中国企业500强（中国企业联合会、中国企业家协会）","2025","67","海尔集团公司","企业名称精确","装备/制造","海达源—海尔全球采购平台","全球采购/供应商引入","https://hdy.haier.net/","https://hdy.haier.net/","集团及所属单位","动态门户（浏览器核验）","需注册并通过供应商审核；CA以具体项目为准","HTTP 200","https://hdy.haier.net/","qiankun-front","SPA/前端动态渲染","浏览器渲染首页与筛选器；无法稳定取数时仅作发现源","A","五金工具;劳保用品;电气电料;消防产品;油漆涂料;保温材料","全国/集团所属单位","https://hdy.haier.net/","https://hdy.haier.net/","https://opendata.mofcom.gov.cn/front/data/detail?id=NM014","https://finance.sina.com.cn/zt_d/subject-1757920082/","2026-07-12","A-平台自证",""
"C500P-027","2025中国企业500强（中国企业联合会、中国企业家协会）","2025","67","海尔集团公司","企业名称精确","装备/制造","海尔招标网","电子招投标/间接采购","https://www.haierbid.com/HomeSite/Site/","https://www.haierbid.com/HomeSite/Site/","集团及所属单位","访问受限，需人工浏览器复核","注册、入库及CA要求按具体公告核验","证书/TLS错误（CERT_HAS_EXPIRED: fetch failed）","","","当前访问受限","搜索引擎site:发现 + 真实浏览器人工复核；记录blocked/error，不记no_results","A","五金工具;劳保用品;电气电料;消防产品;油漆涂料;保温材料","全国/集团所属单位","https://www.haierbid.com/HomeSite/Site/","https://www.haierbid.com/HomeSite/Site/","https://opendata.mofcom.gov.cn/front/data/detail?id=NM014","https://finance.sina.com.cn/zt_d/subject-1757920082/","2026-07-12","C-当前访问受限，需复核","可重点关注设备、MRO、基建、消防、园区服务和行政物资。"
"C500P-028","2025中国企业500强（中国企业联合会、中国企业家协会）","2025","68","中国华能集团有限公司","企业名称精确","能源/矿业","中国华能集团有限公司电子商务平台","综合电子采购","https://ec.chng.com.cn/","https://ec.chng.com.cn/","集团及所属单位","访问受限，需人工浏览器复核","公告可先浏览；报名通常需注册，CA/电子签章以项目公告为准","HTTP 412","https://ec.chng.com.cn/","","当前访问受限","搜索引擎site:发现 + 真实浏览器人工复核；记录blocked/error，不记no_results","A","五金工具;劳保用品;电气电料;消防产品;油漆涂料;保温材料","全国/集团所属单位","https://ec.chng.com.cn/","https://www.hcygov.cn/index.php?a=index&aid=288&c=View&m=home","https://opendata.mofcom.gov.cn/front/data/detail?id=NM014","https://finance.sina.com.cn/zt_d/subject-1757920082/","2026-07-12","C-当前访问受限，需复核",""
"C500P-029","2025中国企业500强（中国企业联合会、中国企业家协会）","2025","69","国家电力投资集团有限公司","企业名称精确","能源/矿业","电能易购招标采购平台（电能e招采）","公开招标/询价采购","https://ebid.espic.com.cn/","https://ebid.espic.com.cn/","集团全国项目","首页可访问，公告公开性待核","公告可先浏览；报名通常需注册，CA/电子签章以项目公告为准","HTTP 200","https://ebid.espic.com.cn/","电能e招采平台","HTML页面（可能含动态接口）","仅作供应商注册或线索源；公告回查企业官网/法定发布平台","A","五金工具;劳保用品;电气电料;消防产品;油漆涂料;保温材料","全国/集团所属单位","https://ebid.espic.com.cn/","https://ebid.espic.com.cn/","https://opendata.mofcom.gov.cn/front/data/detail?id=NM014","https://finance.sina.com.cn/zt_d/subject-1757920082/","2026-07-12","A-平台自证",""
"C500P-030","2025中国企业500强（中国企业联合会、中国企业家协会）","2025","72","晋能控股集团有限公司","企业名称精确","能源/矿业","晋能控股招标采购网","电子招投标","https://dzzb.jnkgjtdzzbgs.com/cms/index.htm","https://dzzb.jnkgjtdzzbgs.com/cms/index.htm","集团及所属单位","首页可访问，公告公开性待核","注册、入库及CA要求按具体公告核验","HTTP 200","https://dzzb.jnkgjtdzzbgs.com/cms/index.htm","","非标准HTML或登录入口","仅作供应商注册或线索源；公告回查企业官网/法定发布平台","A","五金工具;劳保用品;电气电料;消防产品;油漆涂料;保温材料","山西;集团项目","https://dzzb.jnkgjtdzzbgs.com/cms/index.htm","https://dzzb.jnkgjtdzzbgs.com/cms/index.htm","https://opendata.mofcom.gov.cn/front/data/detail?id=NM014","https://finance.sina.com.cn/zt_d/subject-1757920082/","2026-07-12","A-平台自证",""
"C500P-031","2025中国企业500强（中国企业联合会、中国企业家协会）","2025","73","东风汽车集团有限公司","企业名称精确","汽车/装备制造","东风电子采购平台","综合电子采购","https://www.dfmjyzx.com/","https://www.dfmjyzx.com/","集团及所属单位","访问受限，需人工浏览器复核","公告可先浏览；报名通常需注册，CA/电子签章以项目公告为准","HTTP 468","https://www.dfmjyzx.com/","","当前访问受限","搜索引擎site:发现 + 真实浏览器人工复核；记录blocked/error，不记no_results","A","五金工具;劳保用品;电气电料;消防产品;油漆涂料;保温材料","全国/集团所属单位","https://www.dfmjyzx.com/","https://www.hcygov.cn/index.php?a=index&aid=288&c=View&m=home","https://opendata.mofcom.gov.cn/front/data/detail?id=NM014","https://finance.sina.com.cn/zt_d/subject-1757920082/","2026-07-12","C-当前访问受限，需复核",""
"C500P-032","2025中国企业500强（中国企业联合会、中国企业家协会）","2025","75","陕西延长石油（集团）有限责任公司","企业名称精确","能源/矿业","延长石油电子招标投标交易平台","电子招投标","https://zb.sxycpc.com/ycsy/","https://zb.sxycpc.com/ycsy/","集团及所属单位","首页可访问，公告公开性待核","注册、入库及CA要求按具体公告核验","HTTP 200","https://zb.sxycpc.com/ycsy/","","非标准HTML或登录入口","仅作供应商注册或线索源；公告回查企业官网/法定发布平台","A","五金工具;劳保用品;电气电料;消防产品;油漆涂料;保温材料","陕西;集团项目","https://zb.sxycpc.com/ycsy/ebid/base/login.html","https://zb.sxycpc.com/ycsy/ebid/base/login.html","https://opendata.mofcom.gov.cn/front/data/detail?id=NM014","https://finance.sina.com.cn/zt_d/subject-1757920082/","2026-07-12","A-平台自证",""
"C500P-033","2025中国企业500强（中国企业联合会、中国企业家协会）","2025","77","宁德时代新能源科技股份有限公司","企业名称精确","汽车/装备制造","宁德时代全球采购门户","供应商注册/采购门户","https://dsrm-supplier.catl.com/","https://dsrm-supplier.catl.com/","集团及所属单位","首页可访问，公告公开性待核","需注册并通过供应商审核；CA以具体项目为准","HTTP 200","https://dsrm-supplier.catl.com/","宁德时代全球采购门户","HTML页面（可能含动态接口）","仅作供应商注册或线索源；公告回查企业官网/法定发布平台","A","五金工具;劳保用品;电气电料;消防产品;油漆涂料;保温材料","全国/集团所属单位","https://dsrm-supplier.catl.com/","https://dsrm-supplier.catl.com/","https://opendata.mofcom.gov.cn/front/data/detail?id=NM014","https://finance.sina.com.cn/zt_d/subject-1757920082/","2026-07-12","A-平台页面自证",""
"C500P-034","2025中国企业500强（中国企业联合会、中国企业家协会）","2025","85","中国华电集团有限公司","企业名称精确","能源/矿业","中国华电集团电子商务平台","综合电子采购","https://www.chdtp.com/","https://www.chdtp.com/","集团及所属单位","访问受限，需人工浏览器复核","公告可先浏览；报名通常需注册，CA/电子签章以项目公告为准","HTTP 412","https://www.chdtp.com/","","当前访问受限","搜索引擎site:发现 + 真实浏览器人工复核；记录blocked/error，不记no_results","A","五金工具;劳保用品;电气电料;消防产品;油漆涂料;保温材料","全国/集团所属单位","https://www.chdtp.com/","https://www.hcygov.cn/index.php?a=index&aid=288&c=View&m=home","https://opendata.mofcom.gov.cn/front/data/detail?id=NM014","https://finance.sina.com.cn/zt_d/subject-1757920082/","2026-07-12","C-当前访问受限，需复核",""
"C500P-035","2025中国企业500强（中国企业联合会、中国企业家协会）","2025","89","中国机械工业集团有限公司","企业名称精确","装备/制造","国机集团电子采购平台","综合电子采购","https://epp.sinomach.com.cn/","https://epp.sinomach.com.cn/","集团及所属单位","公开可浏览公告/线索","公告可先浏览；报名通常需注册，CA/电子签章以项目公告为准","HTTP 200","https://epp.sinomach.com.cn/","国机集团电子采购平台","HTML页面（可能含动态接口）","优先列表页/详情页直接抓取；按项目编号追踪变更、终止和重招","A","五金工具;劳保用品;电气电料;消防产品;油漆涂料;保温材料","全国/集团所属单位","https://epp.sinomach.com.cn/","https://www.hcygov.cn/index.php?a=index&aid=288&c=View&m=home","https://opendata.mofcom.gov.cn/front/data/detail?id=NM014","https://finance.sina.com.cn/zt_d/subject-1757920082/","2026-07-12","A-平台页面自证",""
"C500P-036","2025中国企业500强（中国企业联合会、中国企业家协会）","2025","95","中国核工业集团有限公司","企业名称精确","能源/矿业","中核集团电子采购平台","综合电子采购","https://www.cnncecp.com","https://www.cnncecp.com","集团及所属单位","首页可访问，公告公开性待核","公告可先浏览；报名通常需注册，CA/电子签章以项目公告为准","HTTP 200","https://one.cnncecp.com/cnnc-pm-web/","中核集团电子采购","HTML页面（可能含动态接口）","仅作供应商注册或线索源；公告回查企业官网/法定发布平台","A","五金工具;劳保用品;电气电料;消防产品;油漆涂料;保温材料","全国/集团所属单位","https://www.cnncecp.com","https://www.hcygov.cn/index.php?a=index&aid=288&c=View&m=home","https://opendata.mofcom.gov.cn/front/data/detail?id=NM014","https://finance.sina.com.cn/zt_d/subject-1757920082/","2026-07-12","A-平台页面自证",""
"C500P-037","2025中国企业500强（中国企业联合会、中国企业家协会）","2025","105","鞍钢集团有限公司","企业名称精确","钢铁/有色/材料","鞍钢集团电子商务平台","综合电子采购/销售","https://eb.ansteel.cn/","https://eb.ansteel.cn/","集团及所属单位","首页可访问，公告公开性待核","公告可先浏览；报名通常需注册，CA/电子签章以项目公告为准","HTTP 200","https://eb.ansteel.cn/","鞍钢集团电子商务平台","HTML页面（可能含动态接口）","仅作供应商注册或线索源；公告回查企业官网/法定发布平台","A","五金工具;劳保用品;电气电料;消防产品;油漆涂料;保温材料","全国/集团所属单位","https://eb.ansteel.cn/","https://eb.ansteel.cn/","https://opendata.mofcom.gov.cn/front/data/detail?id=NM014","https://finance.sina.com.cn/zt_d/subject-1757920082/","2026-07-12","A-平台页面自证",""
"C500P-038","2025中国企业500强（中国企业联合会、中国企业家协会）","2025","105","鞍钢集团有限公司","企业名称精确","钢铁/有色/材料","鞍钢智慧招投标平台","电子招投标","https://bid.ansteel.cn/","https://bid.ansteel.cn/","集团及所属单位","登录/注册后为主","注册、入库及CA要求按具体公告核验","HTTP 200","https://bid.ansteel.cn/","鞍钢智慧招投标平台","HTML页面（可能含动态接口）","仅作供应商注册或线索源；公告回查企业官网/法定发布平台","A","五金工具;劳保用品;电气电料;消防产品;油漆涂料;保温材料","全国/集团所属单位","https://bid.ansteel.cn/","https://bid.ansteel.cn/","https://opendata.mofcom.gov.cn/front/data/detail?id=NM014","https://finance.sina.com.cn/zt_d/subject-1757920082/","2026-07-12","A-平台页面自证",""
"C500P-039","2025中国企业500强（中国企业联合会、中国企业家协会）","2025","107","中国大唐集团有限公司","企业名称精确","能源/矿业","大唐集团电子商务平台","综合电子采购","https://www.cdt-ec.com/","https://www.cdt-ec.com/","集团及所属单位","首页可访问，公告公开性待核","公告可先浏览；报名通常需注册，CA/电子签章以项目公告为准","HTTP 200","http://www.cdt-ec.com/home/","大唐电商门户","HTML页面（可能含动态接口）","仅作供应商注册或线索源；公告回查企业官网/法定发布平台","A","五金工具;劳保用品;电气电料;消防产品;油漆涂料;保温材料","全国/集团所属单位","https://www.cdt-ec.com/","https://www.hcygov.cn/index.php?a=index&aid=288&c=View&m=home","https://opendata.mofcom.gov.cn/front/data/detail?id=NM014","https://finance.sina.com.cn/zt_d/subject-1757920082/","2026-07-12","B-平台页加目录交叉确认",""
"C500P-040","2025中国企业500强（中国企业联合会、中国企业家协会）","2025","108","中国中车集团有限公司","企业名称精确","装备/制造","中车购（中车供应链电商协同平台）","供应链采购","http://ec.crrcgc.cc/","http://ec.crrcgc.cc/","集团及所属单位","访问受限，需人工浏览器复核","注册、入库及CA要求按具体公告核验","超时/中止（UND_ERR_CONNECT_TIMEOUT: fetch failed）","","","当前访问受限","搜索引擎site:发现 + 真实浏览器人工复核；记录blocked/error，不记no_results","A","五金工具;劳保用品;电气电料;消防产品;油漆涂料;保温材料","全国/集团所属单位","http://ec.crrcgc.cc/","https://www.hcygov.cn/index.php?a=index&aid=288&c=View&m=home","https://opendata.mofcom.gov.cn/front/data/detail?id=NM014","https://finance.sina.com.cn/zt_d/subject-1757920082/","2026-07-12","C-当前访问受限，需复核",""
"C500P-041","2025中国企业500强（中国企业联合会、中国企业家协会）","2025","110","蜀道投资集团有限责任公司","企业名称精确","建筑/交通基建","蜀道集中招标采购平台","电子招投标/集中采购","https://zb.shudaojt.com/","https://zb.shudaojt.com/","集团及所属单位","公开可浏览公告/线索","公告可先浏览；报名通常需注册，CA/电子签章以项目公告为准","HTTP 200","https://zb.shudaojt.com/","蜀道投资集团有限责任公司集中招标采购平台","HTML页面（可能含动态接口）","优先列表页/详情页直接抓取；按项目编号追踪变更、终止和重招","A","五金工具;劳保用品;电气电料;消防产品;油漆涂料;保温材料","四川;集团项目","https://www.shudaojt.com/jcdt/202207/29582.html","https://www.shudaojt.com/jcdt/202207/29582.html","https://opendata.mofcom.gov.cn/front/data/detail?id=NM014","https://finance.sina.com.cn/zt_d/subject-1757920082/","2026-07-12","B-企业官网/公告确认",""
"C500P-042","2025中国企业500强（中国企业联合会、中国企业家协会）","2025","117","中国中煤能源集团有限公司","企业名称精确","能源/矿业","中煤集团采购一体化平台","综合电子采购","https://ego.chinacoal.com/","https://ego.chinacoal.com/","集团及所属单位","首页可访问，公告公开性待核","公告可先浏览；报名通常需注册，CA/电子签章以项目公告为准","HTTP 200","https://ego.chinacoal.com/","中国中煤供应链平台","HTML页面（可能含动态接口）","仅作供应商注册或线索源；公告回查企业官网/法定发布平台","A","五金工具;劳保用品;电气电料;消防产品;油漆涂料;保温材料","全国/集团所属单位","https://ego.chinacoal.com/","https://www.hcygov.cn/index.php?a=index&aid=288&c=View&m=home","https://opendata.mofcom.gov.cn/front/data/detail?id=NM014","https://finance.sina.com.cn/zt_d/subject-1757920082/","2026-07-12","B-平台页加目录交叉确认",""
"C500P-043","2025中国企业500强（中国企业联合会、中国企业家协会）","2025","130","海信集团控股股份有限公司","企业名称精确","装备/制造","海信集团采购共享平台","供应商门户/采购共享","https://srm.hisense.com/","https://srm.hisense.com/","集团及所属单位","首页可访问，公告公开性待核","需注册并通过供应商审核；CA以具体项目为准","HTTP 200","https://srm.hisense.com/","海信集团采购共享平台","HTML页面（可能含动态接口）","仅作供应商注册或线索源；公告回查企业官网/法定发布平台","A","五金工具;劳保用品;电气电料;消防产品;油漆涂料;保温材料","全国/集团所属单位","https://srm.hisense.com/","https://srm.hisense.com/","https://opendata.mofcom.gov.cn/front/data/detail?id=NM014","https://finance.sina.com.cn/zt_d/subject-1757920082/","2026-07-12","A-平台页面自证",""
"C500P-044","2025中国企业500强（中国企业联合会、中国企业家协会）","2025","138","陕西建工控股集团有限公司","企业名称精确","建筑/交通基建","华山云商2.0","电子商城/快速比价","https://jcy.hsysmall.com/","https://jcy.hsysmall.com/","集团及所属单位","首页可访问，公告公开性待核","注册、入库及CA要求按具体公告核验","HTTP 200","https://jcy.hsysmall.com/","华山云商","HTML页面（可能含动态接口）","仅作供应商注册或线索源；公告回查企业官网/法定发布平台","A","五金工具;劳保用品;电气电料;消防产品;油漆涂料;保温材料","陕西优先;全国项目","https://hsys-mall-prod.oss-cn-beijing.aliyuncs.com/upload/20240515/contract/1715740344334.pdf","https://hsys-mall-prod.oss-cn-beijing.aliyuncs.com/upload/20240515/contract/1715740344334.pdf","https://opendata.mofcom.gov.cn/front/data/detail?id=NM014","https://finance.sina.com.cn/zt_d/subject-1757920082/","2026-07-12","A-平台页面自证",""
"C500P-045","2025中国企业500强（中国企业联合会、中国企业家协会）","2025","138","陕西建工控股集团有限公司","企业名称精确","建筑/交通基建","陕建华山云采平台","公开招标/集采","https://www.sjyunc.com/portal/index.do","https://www.sjyunc.com/portal/index.do","集团及所属单位","公开可浏览公告/线索","公告可先浏览；报名通常需注册，CA/电子签章以项目公告为准","HTTP 200","https://www.sjyunc.com/portal/index.do","陕建华山云采平台","HTML页面（可能含动态接口）","优先列表页/详情页直接抓取；按项目编号追踪变更、终止和重招","A","五金工具;劳保用品;电气电料;消防产品;油漆涂料;保温材料","陕西优先;全国项目","https://www.sxjgkg.com/news/685.html","https://www.sxjgkg.com/news/685.html","https://opendata.mofcom.gov.cn/front/data/detail?id=NM014","https://finance.sina.com.cn/zt_d/subject-1757920082/","2026-07-12","A-平台页面自证",""
"C500P-046","2025中国企业500强（中国企业联合会、中国企业家协会）","2025","139","山西焦煤集团有限责任公司","企业名称精确","能源/矿业","山西焦煤电子招采平台","电子招投标/非招标","https://www.sxccdzzcpt.cn/","https://www.sxccdzzcpt.cn/","集团及所属单位","首页可访问，公告公开性待核","公告可先浏览；报名通常需注册，CA/电子签章以项目公告为准","HTTP 200","https://www.sxccdzzcpt.cn/","山西焦煤电子招采平台","HTML页面（可能含动态接口）","仅作供应商注册或线索源；公告回查企业官网/法定发布平台","A","五金工具;劳保用品;电气电料;消防产品;油漆涂料;保温材料","山西;集团项目","https://www.sxccdzzcpt.cn/","https://www.sxccdzzcpt.cn/","https://opendata.mofcom.gov.cn/front/data/detail?id=NM014","https://finance.sina.com.cn/zt_d/subject-1757920082/","2026-07-12","A-平台页面自证",""
"C500P-047","2025中国企业500强（中国企业联合会、中国企业家协会）","2025","143","中国重型汽车集团有限公司","企业名称精确","汽车/装备制造","中国重汽e采通","供应商应标/电子采购","http://ecaitong.sinotruk.com:8012/","http://ecaitong.sinotruk.com:8012/","集团及所属单位","访问受限，需人工浏览器复核","公告可先浏览；报名通常需注册，CA/电子签章以项目公告为准","HTTP 400","http://ecaitong.sinotruk.com:8012/","400 The plain HTTP request was sent to HTTPS port","当前访问受限","搜索引擎site:发现 + 真实浏览器人工复核；记录blocked/error，不记no_results","A","五金工具;劳保用品;电气电料;消防产品;油漆涂料;保温材料","全国/集团所属单位","https://www.cnhtc.com.cn/sinotruk/xwzx/tzgg/index.html","https://www.cnhtc.com.cn/sinotruk/xwzx/tzgg/index.html","https://opendata.mofcom.gov.cn/front/data/detail?id=NM014","https://finance.sina.com.cn/zt_d/subject-1757920082/","2026-07-12","B-企业官网/公告确认",""
"C500P-048","2025中国企业500强（中国企业联合会、中国企业家协会）","2025","147","山东省港口集团有限公司","企业名称精确","航空/物流","山东港口阳光慧采e平台","综合电子采购","https://yghc.sd-port.com/","https://yghc.sd-port.com/","集团及所属单位","公开可浏览公告/线索","公告可先浏览；报名通常需注册，CA/电子签章以项目公告为准","HTTP 200","https://yghc.sd-port.com/","山东港口阳光慧采e平台","HTML页面（可能含动态接口）","优先列表页/详情页直接抓取；按项目编号追踪变更、终止和重招","A","劳保用品;消防产品;电气电料;五金工具;日杂用品","山东港口体系","https://yghc.sd-port.com/","https://yghc.sd-port.com/","https://opendata.mofcom.gov.cn/front/data/detail?id=NM014","https://finance.sina.com.cn/zt_d/subject-1757920082/","2026-07-12","A-平台页面自证",""
"C500P-049","2025中国企业500强（中国企业联合会、中国企业家协会）","2025","155","陕西有色金属控股集团有限责任公司","企业名称精确","钢铁/有色/材料","陕西有色电子招采平台","电子招投标","https://www.youserzb.com/","https://www.youserzb.com/","集团及所属单位","公开可浏览公告/线索","注册、入库及CA要求按具体公告核验","HTTP 200","https://www.youserzb.com/","陕西有色电子招采平台","HTML页面（可能含动态接口）","优先列表页/详情页直接抓取；按项目编号追踪变更、终止和重招","A","五金工具;劳保用品;电气电料;消防产品;油漆涂料;保温材料","陕西;集团项目","https://www.youserzb.com/","https://www.youserzb.com/","https://opendata.mofcom.gov.cn/front/data/detail?id=NM014","https://finance.sina.com.cn/zt_d/subject-1757920082/","2026-07-12","A-平台页面自证",""
"C500P-050","2025中国企业500强（中国企业联合会、中国企业家协会）","2025","159","中国平煤神马控股集团有限公司","企业名称精确","能源/矿业","中国平煤神马集团智采云平台","综合电子采购","https://zcpt.shenma.com/","https://zcpt.shenma.com/","集团及所属单位","动态门户（浏览器核验）","公告可先浏览；报名通常需注册，CA/电子签章以项目公告为准","HTTP 200","https://zcpt.shenma.com/","神马股份有限公司智采集平台","SPA/前端动态渲染","浏览器渲染首页与筛选器；无法稳定取数时仅作发现源","A","五金工具;劳保用品;电气电料;消防产品;油漆涂料;保温材料","河南;集团项目","https://zcpt.shenma.com/","https://zcpt.shenma.com/","https://opendata.mofcom.gov.cn/front/data/detail?id=NM014","https://finance.sina.com.cn/zt_d/subject-1757920082/","2026-07-12","A-平台自证",""
"C500P-051","2025中国企业500强（中国企业联合会、中国企业家协会）","2025","171","浙江省能源集团有限公司","企业名称精确","能源/矿业","浙江能源集团智慧供应链一体化平台","招标/采购/供应链","https://zsrm.zjenergy.com.cn/zjnycms/webfile/","https://zsrm.zjenergy.com.cn/zjnycms/webfile/","集团及所属单位","公开可浏览公告/线索","公告可先浏览；报名通常需注册，CA/电子签章以项目公告为准","HTTP 200","https://zsrm.zjenergy.com.cn/zjnycms/webfile/","浙江能源集团智慧供应链一体化平台V1.0","HTML页面（可能含动态接口）","优先列表页/详情页直接抓取；按项目编号追踪变更、终止和重招","A","五金工具;劳保用品;电气电料;消防产品;油漆涂料;保温材料","浙江;集团项目","https://zsrm.zjenergy.com.cn/zjnycms/webfile/","https://zsrm.zjenergy.com.cn/zjnycms/webfile/","https://opendata.mofcom.gov.cn/front/data/detail?id=NM014","https://finance.sina.com.cn/zt_d/subject-1757920082/","2026-07-12","A-平台页面自证",""
"C500P-052","2025中国企业500强（中国企业联合会、中国企业家协会）","2025","175","中国广核集团有限公司","企业名称精确","能源/矿业","中广核电子商务平台","综合电子采购","https://ecp.cgnpc.com.cn/","https://ecp.cgnpc.com.cn/","集团及所属单位","首页可访问，公告公开性待核","公告可先浏览；报名通常需注册，CA/电子签章以项目公告为准","HTTP 200","https://ecp.cgnpc.com.cn/","中广核电子商务平台","HTML页面（可能含动态接口）","仅作供应商注册或线索源；公告回查企业官网/法定发布平台","A","五金工具;劳保用品;电气电料;消防产品;油漆涂料;保温材料","全国/集团所属单位","https://ecp.cgnpc.com.cn/","https://www.hcygov.cn/index.php?a=index&aid=288&c=View&m=home","https://opendata.mofcom.gov.cn/front/data/detail?id=NM014","https://finance.sina.com.cn/zt_d/subject-1757920082/","2026-07-12","A-平台页面自证",""
"C500P-053","2025中国企业500强（中国企业联合会、中国企业家协会）","2025","198","潞安化工集团有限公司","企业名称精确","能源/矿业","煤婆网","询比价/招标/工业品商城","https://www.mp12345.com/","https://www.mp12345.com/","集团及所属单位","首页可访问，公告公开性待核","公告可先浏览；报名通常需注册，CA/电子签章以项目公告为准","HTTP 200","https://www.mp12345.com/","煤婆网","HTML页面（可能含动态接口）","仅作供应商注册或线索源；公告回查企业官网/法定发布平台","A","五金工具;劳保用品;电气电料;消防产品;油漆涂料;保温材料","山西;兼有其他煤企","https://www.mp12345.com/","https://www.mp12345.com/","https://opendata.mofcom.gov.cn/front/data/detail?id=NM014","https://finance.sina.com.cn/zt_d/subject-1757920082/","2026-07-12","A-平台页面自证","平台由山西潞安煤婆科技有限公司运营，首页可见潞安系采购项目。"
"C500P-054","2025中国企业500强（中国企业联合会、中国企业家协会）","2025","203","中国有色矿业集团有限公司","企业名称精确","钢铁/有色/材料","中国有色集团采购招标电子商务平台","电子招投标","http://ecp.cnmc.com.cn/","http://ecp.cnmc.com.cn/","集团及所属单位","公开可浏览公告/线索","注册、入库及CA要求按具体公告核验","HTTP 200","http://ecp.cnmc.com.cn/","中国有色集团采购招标电子商务平台","HTML页面（可能含动态接口）","优先列表页/详情页直接抓取；按项目编号追踪变更、终止和重招","A","五金工具;劳保用品;电气电料;消防产品;油漆涂料;保温材料","全国/集团所属单位","http://ecp.cnmc.com.cn/","https://www.hcygov.cn/index.php?a=index&aid=288&c=View&m=home","https://opendata.mofcom.gov.cn/front/data/detail?id=NM014","https://finance.sina.com.cn/zt_d/subject-1757920082/","2026-07-12","A-平台页面自证",""
"C500P-055","2025中国企业500强（中国企业联合会、中国企业家协会）","2025","208","中国黄金集团有限公司","企业名称精确","钢铁/有色/材料","中国黄金集团电子商务采购平台","综合电子采购","https://jzcg.chinagoldgroup.com/","https://jzcg.chinagoldgroup.com/","集团及所属单位","公开可浏览公告/线索","公告可先浏览；报名通常需注册，CA/电子签章以项目公告为准","HTTP 200","https://jzcg.chinagoldgroup.com/","中国黄金电子招标商务平台 中国黄金集团有限公司","HTML页面（可能含动态接口）","优先列表页/详情页直接抓取；按项目编号追踪变更、终止和重招","A","五金工具;劳保用品;电气电料;消防产品;油漆涂料;保温材料","全国/集团所属单位","https://jzcg.chinagoldgroup.com/","https://www.hcygov.cn/index.php?a=index&aid=288&c=View&m=home","https://opendata.mofcom.gov.cn/front/data/detail?id=NM014","https://finance.sina.com.cn/zt_d/subject-1757920082/","2026-07-12","A-平台页面自证",""
"C500P-056","2025中国企业500强（中国企业联合会、中国企业家协会）","2025","216","三一集团有限公司","企业名称精确","装备/制造","三一全球供应平台","供应商门户/采购商务公告","https://igsp.sany.com.cn/","https://igsp.sany.com.cn/","集团及所属单位","动态门户（浏览器核验）","需注册并通过供应商审核；CA以具体项目为准","HTTP 200","https://igsp.sany.com.cn/","...","SPA/前端动态渲染","浏览器渲染首页与筛选器；无法稳定取数时仅作发现源","A","五金工具;劳保用品;电气电料;消防产品;油漆涂料;保温材料","全国/集团所属单位","https://igsp.sany.com.cn/","https://igsp.sany.com.cn/","https://opendata.mofcom.gov.cn/front/data/detail?id=NM014","https://finance.sina.com.cn/zt_d/subject-1757920082/","2026-07-12","A-平台自证",""
"C500P-057","2025中国企业500强（中国企业联合会、中国企业家协会）","2025","219","内蒙古电力（集团）有限责任公司","企业名称精确","能源/矿业","内蒙古电力集团电子商务平台ECP2.0","电子招投标/供应商管理","https://ecp.impc.com.cn:21002/portal/","https://ecp.impc.com.cn:21002/portal/","集团及所属单位","首页可访问，公告公开性待核","注册、入库及CA要求按具体公告核验","HTTP 200","https://ecp.impc.com.cn:21002/portal/","内蒙古电力集团新一代电子商务平台","HTML页面（可能含动态接口）","仅作供应商注册或线索源；公告回查企业官网/法定发布平台","A","五金工具;劳保用品;电气电料;消防产品;油漆涂料;保温材料","内蒙古西部电网","https://guocai-impc.cppchina.cn/html/index.html","https://guocai-impc.cppchina.cn/html/index.html","https://opendata.mofcom.gov.cn/front/data/detail?id=NM014","https://finance.sina.com.cn/zt_d/subject-1757920082/","2026-07-12","A-平台页面自证",""
"C500P-058","2025中国企业500强（中国企业联合会、中国企业家协会）","2025","221","河南能源集团有限公司","企业名称精确","能源/矿业","河南能源电子商务采购平台","电子采购/询比价","http://bid.zyepp.com/","http://bid.zyepp.com/","集团及所属单位","公开可浏览公告/线索","公告可先浏览；报名通常需注册，CA/电子签章以项目公告为准","HTTP 200","https://bid.zyepp.com/","河南中原云商电子招投标平台","HTML页面（可能含动态接口）","优先列表页/详情页直接抓取；按项目编号追踪变更、终止和重招","A","五金工具;劳保用品;电气电料;消防产品;油漆涂料;保温材料","河南;兼有新疆等所属单位","https://hnecgc.com.cn/nyxgxw/","https://hnecgc.com.cn/nyxgxw/","https://opendata.mofcom.gov.cn/front/data/detail?id=NM014","https://finance.sina.com.cn/zt_d/subject-1757920082/","2026-07-12","B-企业官网/公告确认",""
"C500P-059","2025中国企业500强（中国企业联合会、中国企业家协会）","2025","222","湖北交通投资集团有限公司","企业名称精确","建筑/交通基建","湖北交投集团电子采购平台","电子采购/询比","https://ec.hbjttz.com/","https://ec.hbjttz.com/","集团及所属单位","公开可浏览公告/线索","公告可先浏览；报名通常需注册，CA/电子签章以项目公告为准","HTTP 200","https://ec.hbjttz.com/","湖北交投电子采购平台","HTML页面（可能含动态接口）","优先列表页/详情页直接抓取；按项目编号追踪变更、终止和重招","A","五金工具;劳保用品;电气电料;消防产品;油漆涂料;保温材料","湖北;集团项目","https://ec.hbjttz.com/","https://ec.hbjttz.com/","https://opendata.mofcom.gov.cn/front/data/detail?id=NM014","https://finance.sina.com.cn/zt_d/subject-1757920082/","2026-07-12","A-平台页面自证",""
"C500P-060","2025中国企业500强（中国企业联合会、中国企业家协会）","2025","231","包头钢铁（集团）有限责任公司","企业名称精确","钢铁/有色/材料","包钢电子采购智慧平台","电子采购/询比价","https://bdep.btsteel.com/","https://bdep.btsteel.com/","集团及所属单位","首页可访问，公告公开性待核","公告可先浏览；报名通常需注册，CA/电子签章以项目公告为准","HTTP 200","https://bdep.btsteel.com/web-portal/","包钢电子采购智慧平台","HTML页面（可能含动态接口）","仅作供应商注册或线索源；公告回查企业官网/法定发布平台","A","五金工具;劳保用品;电气电料;消防产品;油漆涂料;保温材料","内蒙古包头;集团项目","https://bdep.btsteel.com/","https://bdep.btsteel.com/","https://opendata.mofcom.gov.cn/front/data/detail?id=NM014","https://finance.sina.com.cn/zt_d/subject-1757920082/","2026-07-12","A-平台页面自证",""
"C500P-061","2025中国企业500强（中国企业联合会、中国企业家协会）","2025","240","陕西榆林能源集团有限公司","企业名称精确","能源/矿业","榆能集团电子采购交易平台","综合电子采购/商城","https://dzsw.sxylny.com/","https://dzsw.sxylny.com/","集团及所属单位","首页可访问，公告公开性待核","公告可先浏览；报名通常需注册，CA/电子签章以项目公告为准","HTTP 200","https://dzsw.sxylny.com/","榆能集团电子采购交易平台","HTML页面（可能含动态接口）","仅作供应商注册或线索源；公告回查企业官网/法定发布平台","A","五金工具;劳保用品;电气电料;消防产品;油漆涂料;保温材料","陕西榆林;集团项目","https://dzsw.sxylny.com/","https://dzsw.sxylny.com/","https://opendata.mofcom.gov.cn/front/data/detail?id=NM014","https://finance.sina.com.cn/zt_d/subject-1757920082/","2026-07-12","A-平台页面自证",""
"C500P-062","2025中国企业500强（中国企业联合会、中国企业家协会）","2025","251","江苏交通控股有限公司","企业名称精确","建筑/交通基建","江苏交通控股电子采购平台","电子采购","https://zbcg.jchc.cn/","https://zbcg.jchc.cn/","集团及所属单位","首页可访问，公告公开性待核","公告可先浏览；报名通常需注册，CA/电子签章以项目公告为准","HTTP 200","https://zbcg.jchc.cn/","","HTML页面（可能含动态接口）","仅作供应商注册或线索源；公告回查企业官网/法定发布平台","A","五金工具;劳保用品;电气电料;消防产品;油漆涂料;保温材料","江苏;集团项目","https://zbcg.jchc.cn/","https://zbcg.jchc.cn/","https://opendata.mofcom.gov.cn/front/data/detail?id=NM014","https://finance.sina.com.cn/zt_d/subject-1757920082/","2026-07-12","A-平台页面自证",""
"C500P-063","2025中国企业500强（中国企业联合会、中国企业家协会）","2025","262","冀中能源集团有限责任公司","企业名称精确","能源/矿业","冀中能源集团电子招标投标交易平台","电子招投标","https://www.jzbidding.com/","https://www.jzbidding.com/","集团及所属单位","公开可浏览公告/线索","注册、入库及CA要求按具体公告核验","HTTP 200","https://www.jzbidding.com/","冀中能源集团电子招标投标交易平台","HTML页面（可能含动态接口）","优先列表页/详情页直接抓取；按项目编号追踪变更、终止和重招","A","五金工具;劳保用品;电气电料;消防产品;油漆涂料;保温材料","河北;集团项目","https://www.jzbidding.com/","https://www.jzbidding.com/","https://opendata.mofcom.gov.cn/front/data/detail?id=NM014","https://finance.sina.com.cn/zt_d/subject-1757920082/","2026-07-12","A-平台页面自证",""
"C500P-064","2025中国企业500强（中国企业联合会、中国企业家协会）","2025","299","广东省能源集团有限公司","企业名称精确","能源/矿业","广东能源商务网","电子采购/供应商门户","https://www.gdydb2b.com/","https://www.gdydb2b.com/","集团及所属单位","首页可访问，公告公开性待核","需注册并通过供应商审核；CA以具体项目为准","HTTP 200","https://www.gdydb2b.com/","广东能源商务网","HTML页面（可能含动态接口）","仅作供应商注册或线索源；公告回查企业官网/法定发布平台","A","五金工具;劳保用品;电气电料;消防产品;油漆涂料;保温材料","广东;集团项目","https://www.gdydb2b.com/","https://www.gdydb2b.com/","https://opendata.mofcom.gov.cn/front/data/detail?id=NM014","https://finance.sina.com.cn/zt_d/subject-1757920082/","2026-07-12","A-平台页面自证",""
"C500P-065","2025中国企业500强（中国企业联合会、中国企业家协会）","2025","325","中国东方电气集团有限公司","企业名称精确","装备/制造","东方电气集中采购管理平台","综合电子采购","https://nsrm.dongfang.com/","https://nsrm.dongfang.com/","集团及所属单位","访问受限，需人工浏览器复核","公告可先浏览；报名通常需注册，CA/电子签章以项目公告为准","连接错误（TypeError: fetch failed）","","","当前访问受限","搜索引擎site:发现 + 真实浏览器人工复核；记录blocked/error，不记no_results","A","五金工具;劳保用品;电气电料;消防产品;油漆涂料;保温材料","全国/集团所属单位","https://nsrm.dongfang.com/","https://www.hcygov.cn/index.php?a=index&aid=288&c=View&m=home","https://opendata.mofcom.gov.cn/front/data/detail?id=NM014","https://finance.sina.com.cn/zt_d/subject-1757920082/","2026-07-12","C-当前访问受限，需复核",""
"C500P-066","2025中国企业500强（中国企业联合会、中国企业家协会）","2025","340","安徽省交通控股集团有限公司","企业名称精确","建筑/交通基建","安徽交控招标采购平台","电子招投标","https://zcpt.ahjkjt.com/","https://zcpt.ahjkjt.com/","集团及所属单位","动态门户（浏览器核验）","注册、入库及CA要求按具体公告核验","HTTP 200","https://zcpt.ahjkjt.com/","安徽交控","SPA/前端动态渲染","浏览器渲染首页与筛选器；无法稳定取数时仅作发现源","A","五金工具;劳保用品;电气电料;消防产品;油漆涂料;保温材料","安徽;集团项目","https://zcpt.ahjkjt.com/","https://zcpt.ahjkjt.com/","https://opendata.mofcom.gov.cn/front/data/detail?id=NM014","https://finance.sina.com.cn/zt_d/subject-1757920082/","2026-07-12","A-平台页面自证",""
"C500P-067","2025中国企业500强（中国企业联合会、中国企业家协会）","2025","5","中国工商银行股份有限公司","企业名称精确","金融","工银集采","采购公告/供应商招募","https://jc.icbc.com.cn/","https://jc.icbc.com.cn/","总行、分行及子公司","首页可访问，公告公开性待核","注册、入库及CA要求按具体公告核验","HTTP 200","https://jc.icbc.com.cn/","工银集采","HTML页面（可能含动态接口）","仅作供应商注册或线索源；公告回查企业官网/法定发布平台","B","消防产品;电气电料;日杂用品;纺织用品","全国/集团所属单位","https://jc.icbc.com.cn/","https://jc.icbc.com.cn/","https://opendata.mofcom.gov.cn/front/data/detail?id=NM014","https://finance.sina.com.cn/zt_d/subject-1757920082/","2026-07-12","A-平台页面自证",""
"C500P-068","2025中国企业500强（中国企业联合会、中国企业家协会）","2025","7","中国建设银行股份有限公司","企业名称精确","金融","龙集采","综合电子采购","https://ibuy.ccb.com/cms/index.htm","https://ibuy.ccb.com/cms/index.htm","总行及分支机构","动态门户（浏览器核验）","公告可先浏览；报名通常需注册，CA/电子签章以项目公告为准","HTTP 200","https://ibuy.ccb.com/cms/index.html","龙集采","SPA/前端动态渲染","浏览器渲染首页与筛选器；无法稳定取数时仅作发现源","B","消防产品;电气电料;日杂用品;纺织用品","全国/集团所属单位","https://ibuy.ccb.com/cms/index.htm","https://ibuy.ccb.com/cms/index.htm","https://opendata.mofcom.gov.cn/front/data/detail?id=NM014","https://finance.sina.com.cn/zt_d/subject-1757920082/","2026-07-12","A-平台页面自证",""
"C500P-069","2025中国企业500强（中国企业联合会、中国企业家协会）","2025","8","中国银行股份有限公司","企业名称精确","金融","中银智采","电子招投标","https://ctpch.fmscop.bankofchina.com/pcm/","https://ctpch.fmscop.bankofchina.com/pcm/","总行及逐步纳入的机构","动态门户（浏览器核验）","需平台注册；电子投标项目需按公告办理CA。","HTTP 200","https://ctpch.fmscop.bankofchina.com/pcm/","中银智采","SPA/前端动态渲染","浏览器渲染首页与筛选器；无法稳定取数时仅作发现源","B","消防产品;电气电料;日杂用品;纺织用品","全国/集团所属单位","https://wap.boc.cn/bif/bi2/202312/t20231227_24322620.html","https://wap.boc.cn/bif/bi2/202312/t20231227_24322620.html","https://opendata.mofcom.gov.cn/front/data/detail?id=NM014","https://finance.sina.com.cn/zt_d/subject-1757920082/","2026-07-12","A-平台页面自证","中国银行公告称平台自2024-01-01起在总行投入使用。"
"C500P-070","2025中国企业500强（中国企业联合会、中国企业家协会）","2025","11","中国人寿保险（集团）公司","企业名称精确","金融","中国人寿集中采购平台","采购公告/供应商征集","https://clcps.chinalife.com.cn/","https://clcps.chinalife.com.cn/","集团及相关单位","公开可浏览公告/线索","注册、入库及CA要求按具体公告核验","HTTP 200","https://clcps.chinalife.com.cn/","中国人寿集中采购平台","HTML页面（可能含动态接口）","优先列表页/详情页直接抓取；按项目编号追踪变更、终止和重招","B","消防产品;电气电料;日杂用品;纺织用品","全国/集团所属单位","https://clcps.chinalife.com.cn/","https://clcps.chinalife.com.cn/","https://opendata.mofcom.gov.cn/front/data/detail?id=NM014","https://finance.sina.com.cn/zt_d/subject-1757920082/","2026-07-12","A-平台页面自证",""
"C500P-071","2025中国企业500强（中国企业联合会、中国企业家协会）","2025","14","中国移动通信集团有限公司","企业名称精确","通信/数字科技","中国移动采购与招标网","电子招投标","https://b2b.10086.cn/","https://b2b.10086.cn/","集团及所属单位","访问受限，需人工浏览器复核","注册、入库及CA要求按具体公告核验","证书/TLS错误（ERR_SSL_UNSAFE_LEGACY_RENEGOTIATION_DISABLED: fetch failed）","","","当前访问受限","搜索引擎site:发现 + 真实浏览器人工复核；记录blocked/error，不记no_results","B","消防产品;电气电料;劳保用品;日杂用品","全国/集团所属单位","https://b2b.10086.cn/","https://www.hcygov.cn/index.php?a=index&aid=288&c=View&m=home","https://opendata.mofcom.gov.cn/front/data/detail?id=NM014","https://finance.sina.com.cn/zt_d/subject-1757920082/","2026-07-12","C-当前访问受限，需复核",""
"C500P-072","2025中国企业500强（中国企业联合会、中国企业家协会）","2025","16","中国中信集团有限公司","企业名称精确","金融","中信集团电子招采系统","采购公告/供应商征集","https://ebid.group.citic/","https://ebid.group.citic/","集团及成员企业","公开可浏览公告/线索","注册、入库及CA要求按具体公告核验","HTTP 200","https://ebid.group.citic/","中信集团电子招采系统","HTML页面（可能含动态接口）","优先列表页/详情页直接抓取；按项目编号追踪变更、终止和重招","B","消防产品;电气电料;日杂用品;纺织用品","全国/集团所属单位","https://ebid.group.citic/","https://ebid.group.citic/","https://opendata.mofcom.gov.cn/front/data/detail?id=NM014","https://finance.sina.com.cn/zt_d/subject-1757920082/","2026-07-12","A-平台页面自证",""
"C500P-073","2025中国企业500强（中国企业联合会、中国企业家协会）","2025","19","中国华润有限公司","关联企业别名","综合","华润集团守正电子招标平台","电子招投标","https://szecp.crc.com.cn/","https://szecp.crc.com.cn/","集团及所属单位","公开可浏览公告/线索","注册、入库及CA要求按具体公告核验","HTTP 200","https://szecp.crc.com.cn/","华润集团守正电子招标平台","HTML页面（可能含动态接口）","优先列表页/详情页直接抓取；按项目编号追踪变更、终止和重招","B","五金工具;劳保用品;电气电料;消防产品;日杂用品","全国/集团所属单位","https://szecp.crc.com.cn/","https://www.hcygov.cn/index.php?a=index&aid=288&c=View&m=home","https://opendata.mofcom.gov.cn/front/data/detail?id=NM014","https://finance.sina.com.cn/zt_d/subject-1757920082/","2026-07-12","A-平台页面自证","平台主体为集团母体，榜单主体为关联经营/上市主体。"
"C500P-074","2025中国企业500强（中国企业联合会、中国企业家协会）","2025","33","中国医药集团有限公司","企业名称精确","医药","国药器材电子招标采购平台","电子招投标","https://sinopharmzc.com/","https://sinopharmzc.com/","集团及所属单位","动态门户（浏览器核验）","注册、入库及CA要求按具体公告核验","HTTP 200","https://sinopharmzc.com/","门户网站","SPA/前端动态渲染","浏览器渲染首页与筛选器；无法稳定取数时仅作发现源","B","劳保用品;消防产品;电气电料;日杂用品","全国/集团所属单位","https://sinopharmzc.com/","https://www.hcygov.cn/index.php?a=index&aid=288&c=View&m=home","https://opendata.mofcom.gov.cn/front/data/detail?id=NM014","https://finance.sina.com.cn/zt_d/subject-1757920082/","2026-07-12","B-平台页加目录交叉确认",""
"C500P-075","2025中国企业500强（中国企业联合会、中国企业家协会）","2025","34","中粮集团有限公司","企业名称精确","食品/消费","中粮电子招标采购平台","电子招投标","https://zlcgzq.youzhicai.com/","https://zlcgzq.youzhicai.com/","集团及所属单位","首页可访问，公告公开性待核","注册、入库及CA要求按具体公告核验","HTTP 200","https://zlcgzq.youzhicai.com/","中粮招标采购专区-优质采电子招标投标与采购平台","HTML页面（可能含动态接口）","仅作供应商注册或线索源；公告回查企业官网/法定发布平台","B","劳保用品;消防产品;电气电料;日杂用品;纺织用品","全国/集团所属单位","https://zlcgzq.youzhicai.com/","https://www.hcygov.cn/index.php?a=index&aid=288&c=View&m=home","https://opendata.mofcom.gov.cn/front/data/detail?id=NM014","https://finance.sina.com.cn/zt_d/subject-1757920082/","2026-07-12","B-平台页加目录交叉确认",""
"C500P-076","2025中国企业500强（中国企业联合会、中国企业家协会）","2025","35","中国电信集团有限公司","企业名称精确","通信/数字科技","中国电信阳光采购网","综合电子采购","https://caigou.chinatelecom.com.cn/ctsc-portal/ctscPortal","https://caigou.chinatelecom.com.cn/ctsc-portal/ctscPortal","集团及所属单位","首页可访问，公告公开性待核","公告可先浏览；报名通常需注册，CA/电子签章以项目公告为准","HTTP 200","https://caigou.chinatelecom.com.cn/ctsc-portal/ctscPortal","中国电信阳光采购网","HTML页面（可能含动态接口）","仅作供应商注册或线索源；公告回查企业官网/法定发布平台","B","消防产品;电气电料;劳保用品;日杂用品","全国/集团所属单位","https://caigou.chinatelecom.com.cn/ctsc-portal/ctscPortal","https://www.hcygov.cn/index.php?a=index&aid=288&c=View&m=home","https://opendata.mofcom.gov.cn/front/data/detail?id=NM014","https://finance.sina.com.cn/zt_d/subject-1757920082/","2026-07-12","A-平台页面自证",""
"C500P-077","2025中国企业500强（中国企业联合会、中国企业家协会）","2025","49","中国保利集团有限公司","企业名称精确","综合","保利阳光采招平台","电子招投标","https://srm.polycn.com/","https://srm.polycn.com/","集团及所属单位","访问受限，需人工浏览器复核","注册、入库及CA要求按具体公告核验","超时/中止（UND_ERR_CONNECT_TIMEOUT: fetch failed）","","","当前访问受限","搜索引擎site:发现 + 真实浏览器人工复核；记录blocked/error，不记no_results","B","五金工具;劳保用品;电气电料;消防产品;日杂用品","全国/集团所属单位","https://srm.polycn.com/","https://www.hcygov.cn/index.php?a=index&aid=288&c=View&m=home","https://opendata.mofcom.gov.cn/front/data/detail?id=NM014","https://finance.sina.com.cn/zt_d/subject-1757920082/","2026-07-12","C-当前访问受限，需复核",""
"C500P-078","2025中国企业500强（中国企业联合会、中国企业家协会）","2025","53","中国远洋海运集团有限公司","企业名称精确","航空/物流","海洋服务中心","综合电子采购","https://gs.coscoshipping.com/","https://gs.coscoshipping.com/","集团及所属单位","访问受限，需人工浏览器复核","公告可先浏览；报名通常需注册，CA/电子签章以项目公告为准","超时/中止（UND_ERR_CONNECT_TIMEOUT: fetch failed）","","","当前访问受限","搜索引擎site:发现 + 真实浏览器人工复核；记录blocked/error，不记no_results","B","劳保用品;消防产品;电气电料;五金工具;日杂用品","全国/集团所属单位","https://gs.coscoshipping.com/","https://www.hcygov.cn/index.php?a=index&aid=288&c=View&m=home","https://opendata.mofcom.gov.cn/front/data/detail?id=NM014","https://finance.sina.com.cn/zt_d/subject-1757920082/","2026-07-12","C-当前访问受限，需复核",""
"C500P-079","2025中国企业500强（中国企业联合会、中国企业家协会）","2025","55","招商局集团有限公司","企业名称精确","综合","招商局集团电子招标采购交易平台","电子招投标","https://dzzb.ciesco.com.cn/","https://dzzb.ciesco.com.cn/","集团及所属单位","首页可访问，公告公开性待核","注册、入库及CA要求按具体公告核验","HTTP 200","https://dzzb.ciesco.com.cn/home","","HTML页面（可能含动态接口）","仅作供应商注册或线索源；公告回查企业官网/法定发布平台","B","五金工具;劳保用品;电气电料;消防产品;日杂用品","全国/集团所属单位","https://dzzb.ciesco.com.cn/","https://www.hcygov.cn/index.php?a=index&aid=288&c=View&m=home","https://opendata.mofcom.gov.cn/front/data/detail?id=NM014","https://finance.sina.com.cn/zt_d/subject-1757920082/","2026-07-12","B-平台页加目录交叉确认",""
"C500P-080","2025中国企业500强（中国企业联合会、中国企业家协会）","2025","56","中国兵器工业集团有限公司","企业名称精确","综合","兵器工业集团公司采购电子商务平台","综合电子采购","https://www.norincogroup-ebuy.com","https://www.norincogroup-ebuy.com","集团及所属单位","登录/注册后为主","公告可先浏览；报名通常需注册，CA/电子签章以项目公告为准","HTTP 200","https://www.norincogroup-ebuy.com/","兵器工业集团公司采购电子商务平台","HTML页面（可能含动态接口）","仅作供应商注册或线索源；公告回查企业官网/法定发布平台","B","五金工具;劳保用品;电气电料;消防产品;日杂用品","全国/集团所属单位","https://www.norincogroup-ebuy.com","https://www.hcygov.cn/index.php?a=index&aid=288&c=View&m=home","https://opendata.mofcom.gov.cn/front/data/detail?id=NM014","https://finance.sina.com.cn/zt_d/subject-1757920082/","2026-07-12","A-平台页面自证",""
"C500P-081","2025中国企业500强（中国企业联合会、中国企业家协会）","2025","61","兴业银行股份有限公司","企业名称精确","金融","兴业银行集中采购管理平台","采购公告/供应商征集","https://cg.cib.com.cn/","https://cg.cib.com.cn/","总行、分行及子公司","公开可浏览公告/线索","注册、入库及CA要求按具体公告核验","HTTP 200","https://cg.cib.com.cn/cms/default/webfile/index.html","兴业银行集中采购管理平台","HTML页面（可能含动态接口）","优先列表页/详情页直接抓取；按项目编号追踪变更、终止和重招","B","消防产品;电气电料;日杂用品;纺织用品","全国/集团所属单位","https://cg.cib.com.cn/","https://cg.cib.com.cn/","https://opendata.mofcom.gov.cn/front/data/detail?id=NM014","https://finance.sina.com.cn/zt_d/subject-1757920082/","2026-07-12","A-平台页面自证",""
"C500P-082","2025中国企业500强（中国企业联合会、中国企业家协会）","2025","64","中国太平洋保险（集团）股份有限公司","企业名称精确","金融","太保集团采购电子化管理平台","电子采购/供应商注册","https://purchase.cpic.com.cn/cms/index.htm","https://purchase.cpic.com.cn/cms/index.htm","集团及所属单位","公开可浏览公告/线索","需注册并通过供应商审核；CA以具体项目为准","HTTP 200","https://purchase.cpic.com.cn/cms/index.htm","太平洋保险","HTML页面（可能含动态接口）","优先列表页/详情页直接抓取；按项目编号追踪变更、终止和重招","B","消防产品;电气电料;日杂用品;纺织用品","全国/集团所属单位","https://www.cpic.com.cn/c/2020-02-12/1590760.shtml","https://www.cpic.com.cn/c/2020-02-12/1590760.shtml","https://opendata.mofcom.gov.cn/front/data/detail?id=NM014","https://finance.sina.com.cn/zt_d/subject-1757920082/","2026-07-12","B-企业官网/公告确认",""
"C500P-083","2025中国企业500强（中国企业联合会、中国企业家协会）","2025","71","中国联合网络通信集团有限公司","企业名称精确","通信/数字科技","中国联通采购与招标网","电子招投标","https://www.cupb.cn/home","https://www.cupb.cn/home","集团及各省分公司","访问受限，需人工浏览器复核","注册、入库及CA要求按具体公告核验","证书/TLS错误（ERR_TLS_CERT_ALTNAME_INVALID: fetch failed）","","","当前访问受限","搜索引擎site:发现 + 真实浏览器人工复核；记录blocked/error，不记no_results","B","消防产品;电气电料;劳保用品;日杂用品","全国/集团所属单位","https://www.cupb.cn/home","https://www.cupb.cn/home","https://opendata.mofcom.gov.cn/front/data/detail?id=NM014","https://finance.sina.com.cn/zt_d/subject-1757920082/","2026-07-12","C-当前访问受限，需复核",""
"C500P-084","2025中国企业500强（中国企业联合会、中国企业家协会）","2025","82","中国兵器装备集团有限公司","企业名称精确","综合","中国兵器装备集团招标投标交易平台","电子招投标","https://www.cse-bidding.com","https://www.cse-bidding.com","集团及所属单位","访问受限，需人工浏览器复核","注册、入库及CA要求按具体公告核验","超时/中止（UND_ERR_CONNECT_TIMEOUT: fetch failed）","","","当前访问受限","搜索引擎site:发现 + 真实浏览器人工复核；记录blocked/error，不记no_results","B","五金工具;劳保用品;电气电料;消防产品;日杂用品","全国/集团所属单位","https://www.cse-bidding.com","https://www.hcygov.cn/index.php?a=index&aid=288&c=View&m=home","https://opendata.mofcom.gov.cn/front/data/detail?id=NM014","https://finance.sina.com.cn/zt_d/subject-1757920082/","2026-07-12","C-当前访问受限，需复核",""
"C500P-085","2025中国企业500强（中国企业联合会、中国企业家协会）","2025","86","中国建材集团有限公司","企业名称精确","综合","中国建材集团电子招采平台","综合电子采购","http://www.cnbmbid.com/","http://www.cnbmbid.com/","集团及所属单位","首页可访问，公告公开性待核","公告可先浏览；报名通常需注册，CA/电子签章以项目公告为准","HTTP 200","http://www.cnbmbid.com/","","HTML页面（可能含动态接口）","仅作供应商注册或线索源；公告回查企业官网/法定发布平台","B","五金工具;劳保用品;电气电料;消防产品;日杂用品","全国/集团所属单位","http://www.cnbmbid.com/","https://www.hcygov.cn/index.php?a=index&aid=288&c=View&m=home","https://opendata.mofcom.gov.cn/front/data/detail?id=NM014","https://finance.sina.com.cn/zt_d/subject-1757920082/","2026-07-12","B-平台页加目录交叉确认",""
"C500P-086","2025中国企业500强（中国企业联合会、中国企业家协会）","2025","94","山东高速集团有限公司","企业名称精确","建筑/交通基建","山东省公共资源（国有产权）交易中心阳光采购服务平台","共享阳光采购平台","http://www.ygcgfw.com/","http://www.ygcgfw.com/","集团及所属单位","公开可浏览公告/线索","注册、入库及CA要求按具体公告核验","HTTP 200","http://www.ygcgfw.com/","阳光采购服务平台-企业实施阳光采购的第三方综合性服务平台","HTML页面（可能含动态接口）","优先列表页/详情页直接抓取；按项目编号追踪变更、终止和重招","B","五金工具;劳保用品;电气电料;消防产品;油漆涂料;保温材料","山东","http://www.ygcgfw.com/","http://www.ygcgfw.com/","https://opendata.mofcom.gov.cn/front/data/detail?id=NM014","https://finance.sina.com.cn/zt_d/subject-1757920082/","2026-07-12","A-平台页面自证","共享平台，需以采购人筛选山东高速集团。"
"C500P-087","2025中国企业500强（中国企业联合会、中国企业家协会）","2025","104","中国电子信息产业集团有限公司","企业名称精确","通信/数字科技","CEC电子采购平台","综合电子采购","http://www.cec-ec.com.cn","http://www.cec-ec.com.cn","集团及所属单位","访问受限，需人工浏览器复核","公告可先浏览；报名通常需注册，CA/电子签章以项目公告为准","超时/中止（UND_ERR_CONNECT_TIMEOUT: fetch failed）","","","当前访问受限","搜索引擎site:发现 + 真实浏览器人工复核；记录blocked/error，不记no_results","B","消防产品;电气电料;劳保用品;日杂用品","全国/集团所属单位","http://www.cec-ec.com.cn","https://www.hcygov.cn/index.php?a=index&aid=288&c=View&m=home","https://opendata.mofcom.gov.cn/front/data/detail?id=NM014","https://finance.sina.com.cn/zt_d/subject-1757920082/","2026-07-12","C-当前访问受限，需复核",""
"C500P-088","2025中国企业500强（中国企业联合会、中国企业家协会）","2025","120","中国航空油料集团有限公司","企业名称精确","航空/物流","中国航空油料集团有限公司采购管理平台","综合电子采购","http://zc.cnaf.com/","http://zc.cnaf.com/","集团及所属单位","公开可浏览公告/线索","公告可先浏览；报名通常需注册，CA/电子签章以项目公告为准","HTTP 200","http://zc.cnaf.com/","中国航空油料集团有限公司采购管理平台","HTML页面（可能含动态接口）","优先列表页/详情页直接抓取；按项目编号追踪变更、终止和重招","B","劳保用品;消防产品;电气电料;五金工具;日杂用品","全国/集团所属单位","http://zc.cnaf.com/","https://www.hcygov.cn/index.php?a=index&aid=288&c=View&m=home","https://opendata.mofcom.gov.cn/front/data/detail?id=NM014","https://finance.sina.com.cn/zt_d/subject-1757920082/","2026-07-12","A-平台页面自证",""
"C500P-089","2025中国企业500强（中国企业联合会、中国企业家协会）","2025","125","中国通用技术（集团）控股有限责任公司","企业名称精确","综合","通用技术中心采购平台","综合电子采购","https://cg.gt.cn/","https://cg.gt.cn/","集团及所属单位","登录/注册后为主","公告可先浏览；报名通常需注册，CA/电子签章以项目公告为准","HTTP 200","https://cg.gt.cn/","通用技术集团中心采购平台","HTML页面（可能含动态接口）","仅作供应商注册或线索源；公告回查企业官网/法定发布平台","B","五金工具;劳保用品;电气电料;消防产品;日杂用品","全国/集团所属单位","https://cg.gt.cn/","https://www.hcygov.cn/index.php?a=index&aid=288&c=View&m=home","https://opendata.mofcom.gov.cn/front/data/detail?id=NM014","https://finance.sina.com.cn/zt_d/subject-1757920082/","2026-07-12","A-平台页面自证",""
"C500P-090","2025中国企业500强（中国企业联合会、中国企业家协会）","2025","134","中国化学工程集团有限公司","企业名称精确","综合","中国化学电子招标投标交易平台","电子招投标","http://bid.cncecyc.com/","http://bid.cncecyc.com/","集团及所属单位","公开可浏览公告/线索","注册、入库及CA要求按具体公告核验","HTTP 200","https://bid.cncecyc.com/","中国化学电子招标投标交易平台","HTML页面（可能含动态接口）","优先列表页/详情页直接抓取；按项目编号追踪变更、终止和重招","B","五金工具;劳保用品;电气电料;消防产品;日杂用品","全国/集团所属单位","http://bid.cncecyc.com/","https://www.hcygov.cn/index.php?a=index&aid=288&c=View&m=home","https://opendata.mofcom.gov.cn/front/data/detail?id=NM014","https://finance.sina.com.cn/zt_d/subject-1757920082/","2026-07-12","A-平台页面自证",""
"C500P-091","2025中国企业500强（中国企业联合会、中国企业家协会）","2025","145","珠海格力电器股份有限公司","企业名称精确","装备/制造","格力供应商自荐平台","供应商自荐/准入","https://gree.com/server/supplier","https://gree.com/server/supplier","集团及所属单位","供应商自荐为主","需注册并通过供应商审核；CA以具体项目为准","HTTP 200","https://gree.com/server/supplier","珠海格力电器股份有限公司网站","HTML页面（可能含动态接口）","仅作供应商注册或线索源；公告回查企业官网/法定发布平台","B","五金工具;劳保用品;电气电料;消防产品;油漆涂料;保温材料","全国/集团所属单位","https://gree.com/server/supplier","https://gree.com/server/supplier","https://opendata.mofcom.gov.cn/front/data/detail?id=NM014","https://finance.sina.com.cn/zt_d/subject-1757920082/","2026-07-12","A-平台自证",""
"C500P-092","2025中国企业500强（中国企业联合会、中国企业家协会）","2025","150","中国贵州茅台酒厂（集团）有限责任公司","企业名称精确","食品/消费","茅台采购管理平台","集中采购/在线报价","https://mtcg.moutaichina.com/oauth/","https://mtcg.moutaichina.com/oauth/","集团及所属单位","登录/注册后为主","公告可先浏览；报名通常需注册，CA/电子签章以项目公告为准","HTTP 200","https://mtcg.moutaichina.com/oauth/","茅台采购管理平台","动态页面/可能有验证码","仅作供应商注册或线索源；公告回查企业官网/法定发布平台","B","劳保用品;消防产品;电气电料;日杂用品;纺织用品","贵州;集团项目","https://mtcg.moutaichina.com/oauth/","https://mtcg.moutaichina.com/oauth/","https://opendata.mofcom.gov.cn/front/data/detail?id=NM014","https://finance.sina.com.cn/zt_d/subject-1757920082/","2026-07-12","A-平台页面自证",""
"C500P-093","2025中国企业500强（中国企业联合会、中国企业家协会）","2025","156","中国南方航空集团有限公司","企业名称精确","航空/物流","南航电子采购平台","电子招投标","https://csbidding.csair.com/","https://csbidding.csair.com/","集团及所属单位","公开可浏览公告/线索","注册、入库及CA要求按具体公告核验","HTTP 200","https://csbidding.csair.cn/","中国南方航空采购招标网","HTML页面（可能含动态接口）","优先列表页/详情页直接抓取；按项目编号追踪变更、终止和重招","B","劳保用品;消防产品;电气电料;五金工具;日杂用品","全国/集团所属单位","https://csbidding.csair.com/","https://csbidding.csair.com/","https://opendata.mofcom.gov.cn/front/data/detail?id=NM014","https://finance.sina.com.cn/zt_d/subject-1757920082/","2026-07-12","A-平台自证",""
"C500P-094","2025中国企业500强（中国企业联合会、中国企业家协会）","2025","160","中国国际航空股份有限公司","关联企业别名","航空/物流","中国航空集团有限公司采购管理平台","综合电子采购","https://pur.airchina.com.cn/","https://pur.airchina.com.cn/","集团及所属单位","访问受限，需人工浏览器复核","公告可先浏览；报名通常需注册，CA/电子签章以项目公告为准","证书/TLS错误（CERT_HAS_EXPIRED: fetch failed）","","","当前访问受限","搜索引擎site:发现 + 真实浏览器人工复核；记录blocked/error，不记no_results","B","劳保用品;消防产品;电气电料;五金工具;日杂用品","全国/集团所属单位","https://pur.airchina.com.cn/","https://www.hcygov.cn/index.php?a=index&aid=288&c=View&m=home","https://opendata.mofcom.gov.cn/front/data/detail?id=NM014","https://finance.sina.com.cn/zt_d/subject-1757920082/","2026-07-12","C-当前访问受限，需复核","平台主体为集团母体，榜单主体为关联经营/上市主体。"
"C500P-095","2025中国企业500强（中国企业联合会、中国企业家协会）","2025","172","中国东方航空集团有限公司","企业名称精确","航空/物流","东航集中采购平台","综合电子采购","https://caigou.ceair.com/","https://caigou.ceair.com/","集团及所属单位","公开可浏览公告/线索","公告可先浏览；报名通常需注册，CA/电子签章以项目公告为准","HTTP 200","https://caigou.ceair.com/portal/index","东航集团集采实施平台","HTML页面（可能含动态接口）","优先列表页/详情页直接抓取；按项目编号追踪变更、终止和重招","B","劳保用品;消防产品;电气电料;五金工具;日杂用品","全国/集团所属单位","https://caigou.ceair.com/","https://www.hcygov.cn/index.php?a=index&aid=288&c=View&m=home","https://opendata.mofcom.gov.cn/front/data/detail?id=NM014","https://finance.sina.com.cn/zt_d/subject-1757920082/","2026-07-12","B-平台页加目录交叉确认",""
"C500P-096","2025中国企业500强（中国企业联合会、中国企业家协会）","2025","265","泸州老窖集团有限责任公司","企业名称精确","食品/消费","泸州老窖采购管理系统","采购公告/电子签章","https://cggl.lzlj.com/","https://cggl.lzlj.com/","集团及所属单位","公开可浏览公告/线索","注册、入库及CA要求按具体公告核验","HTTP 200","https://cggl.lzlj.com/","采购管理系统","HTML页面（可能含动态接口）","优先列表页/详情页直接抓取；按项目编号追踪变更、终止和重招","B","劳保用品;消防产品;电气电料;日杂用品;纺织用品","四川泸州;集团项目","https://cggl.lzlj.com/","https://cggl.lzlj.com/","https://opendata.mofcom.gov.cn/front/data/detail?id=NM014","https://finance.sina.com.cn/zt_d/subject-1757920082/","2026-07-12","A-平台页面自证",""
"C500P-097","2025中国企业500强（中国企业联合会、中国企业家协会）","2025","6","中国农业银行股份有限公司","关联企业别名","金融","农银e采商城供应商门户","供应商门户/招募","https://e.abchina.com/jcgys/","https://e.abchina.com/jcgys/","集团及所属单位","访问受限，需人工浏览器复核","需注册并通过供应商审核；CA以具体项目为准","证书/TLS错误（ERR_SSL_UNSAFE_LEGACY_RENEGOTIATION_DISABLED: fetch failed）","","","当前访问受限","搜索引擎site:发现 + 真实浏览器人工复核；记录blocked/error，不记no_results","C","消防产品;电气电料;日杂用品;纺织用品","全国/集团所属单位","https://e.abchina.com/jcgys/","https://www.hcygov.cn/index.php?a=index&aid=288&c=View&m=home","https://opendata.mofcom.gov.cn/front/data/detail?id=NM014","https://finance.sina.com.cn/zt_d/subject-1757920082/","2026-07-12","C-当前访问受限，需复核","平台主体为集团母体，榜单主体为关联经营/上市主体。"
"C500P-098","2025中国企业500强（中国企业联合会、中国企业家协会）","2025","17","阿里巴巴集团控股有限公司","企业名称精确","通信/数字科技","阿里采购平台（供应商门户）","供应商门户/采购意向","https://supplier.aliyuncorp.com/supplier/pub/index.htm","https://supplier.aliyuncorp.com/supplier/pub/index.htm","集团及所属单位","登录/注册后为主","需注册并通过供应商审核；CA以具体项目为准","HTTP 200","https://supplier.aliyuncorp.com/supplier/pub/index.htm","阿里采购平台 - 供应商门户","HTML页面（可能含动态接口）","仅作供应商注册或线索源；公告回查企业官网/法定发布平台","C","消防产品;电气电料;劳保用品;日杂用品","全国/集团所属单位","https://supplier.aliyuncorp.com/supplier/pub/index.htm","https://supplier.aliyuncorp.com/supplier/pub/index.htm","https://opendata.mofcom.gov.cn/front/data/detail?id=NM014","https://finance.sina.com.cn/zt_d/subject-1757920082/","2026-07-12","A-平台页面自证",""
"C500P-099","2025中国企业500强（中国企业联合会、中国企业家协会）","2025","23","华为投资控股有限公司","企业名称精确","通信/数字科技","华为供应商平台","供应商注册/协同","https://scs.huawei.com/supplier/","https://scs.huawei.com/supplier/","集团及所属单位","注册及审核后为主","需注册并通过供应商审核；CA以具体项目为准","HTTP 200","https://scs.huawei.com/supplier/","华为采购","HTML页面（可能含动态接口）","仅作供应商注册或线索源；公告回查企业官网/法定发布平台","C","消防产品;电气电料;劳保用品;日杂用品","全国/集团所属单位","https://scs.huawei.com/supplier/statement-cooperativeGuide.html","https://scs.huawei.com/supplier/statement-cooperativeGuide.html","https://opendata.mofcom.gov.cn/front/data/detail?id=NM014","https://finance.sina.com.cn/zt_d/subject-1757920082/","2026-07-12","A-平台自证",""
"C500P-100","2025中国企业500强（中国企业联合会、中国企业家协会）","2025","44","交通银行股份有限公司","企业名称精确","金融","交行智采平台","供应商门户/电子采购","https://bocom-gys.bankcomm.com/espuser/login","https://bocom-gys.bankcomm.com/espuser/login","集团及所属单位","登录/注册后为主","需注册并通过供应商审核；CA以具体项目为准","证书/TLS错误（ERR_SSL_UNSAFE_LEGACY_RENEGOTIATION_DISABLED: fetch failed）","","","当前访问受限","搜索引擎site:发现 + 真实浏览器人工复核；记录blocked/error，不记no_results","C","消防产品;电气电料;日杂用品;纺织用品","全国/集团所属单位","https://bocom-gys.bankcomm.com/espuser/login","https://bocom-gys.bankcomm.com/espuser/login","https://opendata.mofcom.gov.cn/front/data/detail?id=NM014","https://finance.sina.com.cn/zt_d/subject-1757920082/","2026-07-12","C-当前访问受限，需复核",""
"C500P-101","2025中国企业500强（中国企业联合会、中国企业家协会）","2025","48","招商银行股份有限公司","企业名称精确","金融","招商银行采购管理平台","供应商门户/电子采购","http://xcg-nginx.paas.cmbchina.com/portal/page/platEnter.html","http://xcg-nginx.paas.cmbchina.com/portal/page/platEnter.html","集团及所属单位","登录/注册后为主","需注册并通过供应商审核；CA以具体项目为准","HTTP 200","https://xcg-nginx.paas.cmbchina.com/portal/page/platEnter.html","招商银行供应商门户","HTML页面（可能含动态接口）","仅作供应商注册或线索源；公告回查企业官网/法定发布平台","C","消防产品;电气电料;日杂用品;纺织用品","全国/集团所属单位","http://xcg-nginx.paas.cmbchina.com/portal/page/platEnter.html","http://xcg-nginx.paas.cmbchina.com/portal/page/platEnter.html","https://opendata.mofcom.gov.cn/front/data/detail?id=NM014","https://finance.sina.com.cn/zt_d/subject-1757920082/","2026-07-12","A-平台页面自证",""
"C500P-102","2025中国企业500强（中国企业联合会、中国企业家协会）","2025","76","小米集团","企业名称精确","通信/数字科技","小米供应商管理平台","供应商门户/协同","https://srm.p.mi.com/portal","https://srm.p.mi.com/portal","集团及所属单位","登录/注册后为主","需注册并通过供应商审核；CA以具体项目为准","HTTP 200","https://srm.p.mi.com/portal","","HTML页面（可能含动态接口）","仅作供应商注册或线索源；公告回查企业官网/法定发布平台","C","消防产品;电气电料;劳保用品;日杂用品","全国/集团所属单位","https://srm.p.mi.com/portal","https://srm.p.mi.com/portal","https://opendata.mofcom.gov.cn/front/data/detail?id=NM014","https://finance.sina.com.cn/zt_d/subject-1757920082/","2026-07-12","A-平台自证",""
"C500P-103","2025中国企业500强（中国企业联合会、中国企业家协会）","2025","248","网易股份有限公司","企业名称精确","通信/数字科技","网易供应商协同平台","供应商门户/协同","https://supplier.netease.com/","https://supplier.netease.com/","集团及所属单位","首页可访问，公告公开性待核","需注册并通过供应商审核；CA以具体项目为准","HTTP 200","https://supplier.netease.com/","供应商平台","HTML页面（可能含动态接口）","仅作供应商注册或线索源；公告回查企业官网/法定发布平台","C","消防产品;电气电料;劳保用品;日杂用品","全国/集团所属单位","https://supplier.netease.com/","https://supplier.netease.com/","https://opendata.mofcom.gov.cn/front/data/detail?id=NM014","https://finance.sina.com.cn/zt_d/subject-1757920082/","2026-07-12","A-平台自证",""
