source_id,name,domain,url,source_type,sectors,region,priority,match_mode,verification_source,verified_at,notes
ccgp-national,中国政府采购网,ccgp.gov.cn,http://www.ccgp.gov.cn/,government_procurement,school;hospital,全国,1,exact_domain,http://www.ccgp.gov.cn/,2026-07-22,
qhmu,青海民族大学,qhmu.edu.cn,https://www.qhmu.edu.cn/,institution_official,school,青海,1,exact_domain,https://www.qhmu.edu.cn/,2026-07-22,官网通知公告含采购公告
qhnu,青海师范大学,qhnu.edu.cn,https://www.qhnu.edu.cn/,institution_official,school,青海,1,exact_domain,https://www.qhnu.edu.cn/,2026-07-22,官网通知公告含招标采购结果
qhrch,青海红十字医院,qhrch.cn,https://www.qhrch.cn/,institution_official,hospital,青海,1,exact_domain,https://www.qhrch.cn/,2026-07-22,官网设招标公告与采购意向栏目
qhsrmyy,青海省人民医院,qhsrmyy.cn,https://www.qhsrmyy.cn/,institution_official,hospital,青海,1,exact_domain,https://www.qhsrmyy.cn/,2026-07-22,已核验医院官网
qhu,青海大学,qhu.edu.cn,https://www.qhu.edu.cn/,institution_official,school,青海,1,exact_domain,https://www.qhu.edu.cn/,2026-07-22,官网首页可见采购公告
ccgp-shanghai,上海政府采购网,ccgp-shanghai.gov.cn,http://www.ccgp-shanghai.gov.cn/,provincial_government_procurement,school;hospital,上海,1,exact_domain,http://www.ccgp.gov.cn/,2026-07-22,中国政府采购网地方分网
ccgp-yunnan,云南政府采购网,ccgp-yunnan.gov.cn,http://www.ccgp-yunnan.gov.cn/,provincial_government_procurement,school;hospital,云南,1,exact_domain,http://www.ccgp.gov.cn/,2026-07-22,中国政府采购网地方分网
ccgp-inner-mongolia,内蒙古政府采购网,ccgp-neimenggu.gov.cn,http://www.ccgp-neimenggu.gov.cn,provincial_government_procurement,school;hospital,内蒙古,1,exact_domain,http://www.ccgp.gov.cn/,2026-07-22,中国政府采购网地方分网
ccgp-beijing,北京政府采购网,ccgp-beijing.gov.cn,http://www.ccgp-beijing.gov.cn/,provincial_government_procurement,school;hospital,北京,1,exact_domain,http://www.ccgp.gov.cn/,2026-07-22,中国政府采购网地方分网
ccgp-jilin,吉林政府采购网,ccgp-jilin.gov.cn,http://www.ccgp-jilin.gov.cn/,provincial_government_procurement,school;hospital,吉林,1,exact_domain,http://www.ccgp.gov.cn/,2026-07-22,中国政府采购网地方分网
ccgp-sichuan,四川政府采购网,ccgp-sichuan.gov.cn,http://www.ccgp-sichuan.gov.cn/,provincial_government_procurement,school;hospital,四川,1,exact_domain,http://www.ccgp.gov.cn/,2026-07-22,中国政府采购网地方分网
ccgp-tianjin,天津政府采购网,ccgp-tianjin.gov.cn,http://www.ccgp-tianjin.gov.cn/,provincial_government_procurement,school;hospital,天津,1,exact_domain,http://www.ccgp.gov.cn/,2026-07-22,中国政府采购网地方分网
ccgp-ningxia,宁夏政府采购网,ccgp-ningxia.gov.cn,http://www.ccgp-ningxia.gov.cn,provincial_government_procurement,school;hospital,宁夏,1,exact_domain,http://www.ccgp.gov.cn/,2026-07-22,中国政府采购网地方分网
ccgp-anhui,安徽政府采购网,ccgp-anhui.gov.cn,http://www.ccgp-anhui.gov.cn,provincial_government_procurement,school;hospital,安徽,1,exact_domain,http://www.ccgp.gov.cn/,2026-07-22,中国政府采购网地方分网
ccgp-shandong,山东政府采购网,ccgp-shandong.gov.cn,http://www.ccgp-shandong.gov.cn/,provincial_government_procurement,school;hospital,山东,1,exact_domain,http://www.ccgp.gov.cn/,2026-07-22,中国政府采购网地方分网
ccgp-shanxi,山西政府采购网,ccgp-shanxi.gov.cn,http://www.ccgp-shanxi.gov.cn/,provincial_government_procurement,school;hospital,山西,1,exact_domain,http://www.ccgp.gov.cn/,2026-07-22,中国政府采购网地方分网
ccgp-guangdong,广东政府采购网,ccgp-guangdong.gov.cn,https://www.ccgp-guangdong.gov.cn/,provincial_government_procurement,school;hospital,广东,1,exact_domain,http://www.ccgp.gov.cn/,2026-07-22,中国政府采购网地方分网
ccgp-guangxi,广西政府采购网,ccgp-guangxi.gov.cn,http://www.ccgp-guangxi.gov.cn/,provincial_government_procurement,school;hospital,广西,1,exact_domain,http://www.ccgp.gov.cn/,2026-07-22,中国政府采购网地方分网
ccgp-xinjiang,新疆政府采购网,ccgp-xinjiang.gov.cn,http://www.ccgp-xinjiang.gov.cn/,provincial_government_procurement,school;hospital,新疆,1,exact_domain,http://www.ccgp.gov.cn/,2026-07-22,中国政府采购网地方分网
ccgp-bingtuan,新疆生产建设兵团政府采购网,ccgp-bingtuan.gov.cn,http://ccgp-bingtuan.gov.cn,provincial_government_procurement,school;hospital,新疆生产建设兵团,1,exact_domain,http://www.ccgp.gov.cn/,2026-07-22,中国政府采购网地方分网
ccgp-jiangsu,江苏政府采购网,ccgp-jiangsu.gov.cn,http://www.ccgp-jiangsu.gov.cn/,provincial_government_procurement,school;hospital,江苏,1,exact_domain,http://www.ccgp.gov.cn/,2026-07-22,中国政府采购网地方分网
ccgp-jiangxi,江西政府采购网,ccgp-jiangxi.gov.cn,https://ccgp-jiangxi.gov.cn,provincial_government_procurement,school;hospital,江西,1,exact_domain,http://www.ccgp.gov.cn/,2026-07-22,中国政府采购网地方分网
ccgp-hebei,河北政府采购网,ccgp-hebei.gov.cn,http://www.ccgp-hebei.gov.cn/,provincial_government_procurement,school;hospital,河北,1,exact_domain,http://www.ccgp.gov.cn/,2026-07-22,中国政府采购网地方分网
ccgp-henan,河南政府采购网,ccgp-henan.gov.cn,http://www.ccgp-henan.gov.cn,provincial_government_procurement,school;hospital,河南,1,exact_domain,http://www.ccgp.gov.cn/,2026-07-22,中国政府采购网地方分网
ccgp-zhejiang,浙江政府采购网,ccgp-zhejiang.gov.cn,http://www.ccgp-zhejiang.gov.cn/,provincial_government_procurement,school;hospital,浙江,1,exact_domain,http://www.ccgp.gov.cn/,2026-07-22,中国政府采购网地方分网
ccgp-hainan,海南政府采购网,ccgp-hainan.gov.cn,https://ccgp-hainan.gov.cn/,provincial_government_procurement,school;hospital,海南,1,exact_domain,http://www.ccgp.gov.cn/,2026-07-22,中国政府采购网地方分网
ccgp-hubei,湖北政府采购网,ccgp-hubei.gov.cn,http://www.ccgp-hubei.gov.cn/,provincial_government_procurement,school;hospital,湖北,1,exact_domain,http://www.ccgp.gov.cn/,2026-07-22,中国政府采购网地方分网
ccgp-hunan,湖南政府采购网,ccgp-hunan.gov.cn,http://www.ccgp-hunan.gov.cn,provincial_government_procurement,school;hospital,湖南,1,exact_domain,http://www.ccgp.gov.cn/,2026-07-22,中国政府采购网地方分网
ccgp-gansu,甘肃政府采购网,ccgp-gansu.gov.cn,http://www.ccgp-gansu.gov.cn/,provincial_government_procurement,school;hospital,甘肃,1,exact_domain,http://www.ccgp.gov.cn/,2026-07-22,中国政府采购网地方分网
ccgp-fujian,福建政府采购网,ccgp-fujian.gov.cn,http://www.ccgp-fujian.gov.cn/,provincial_government_procurement,school;hospital,福建,1,exact_domain,http://www.ccgp.gov.cn/,2026-07-22,中国政府采购网地方分网
ccgp-xizang,西藏政府采购网,ccgp-xizang.gov.cn,http://www.ccgp-xizang.gov.cn/,provincial_government_procurement,school;hospital,西藏,1,exact_domain,http://www.ccgp.gov.cn/,2026-07-22,中国政府采购网地方分网
ccgp-guizhou,贵州政府采购网,ccgp-guizhou.gov.cn,http://www.ccgp-guizhou.gov.cn/,provincial_government_procurement,school;hospital,贵州,1,exact_domain,http://www.ccgp.gov.cn/,2026-07-22,中国政府采购网地方分网
ccgp-liaoning,辽宁政府采购网,ccgp-liaoning.gov.cn,http://www.ccgp-liaoning.gov.cn/,provincial_government_procurement,school;hospital,辽宁,1,exact_domain,http://www.ccgp.gov.cn/,2026-07-22,中国政府采购网地方分网
ccgp-chongqing,重庆政府采购网,ccgp-chongqing.gov.cn,http://www.ccgp-chongqing.gov.cn/,provincial_government_procurement,school;hospital,重庆,1,exact_domain,http://www.ccgp.gov.cn/,2026-07-22,中国政府采购网地方分网
ccgp-shaanxi,陕西政府采购网,ccgp-shaanxi.gov.cn,http://www.ccgp-shaanxi.gov.cn/,provincial_government_procurement,school;hospital,陕西,1,exact_domain,http://www.ccgp.gov.cn/,2026-07-22,中国政府采购网地方分网
ccgp-qinghai,青海政府采购网,ccgp-qinghai.gov.cn,http://www.ccgp-qinghai.gov.cn/,provincial_government_procurement,school;hospital,青海,1,exact_domain,http://www.ccgp.gov.cn/,2026-07-22,中国政府采购网地方分网
ccgp-heilongjiang,黑龙江政府采购网,ccgp-heilongj.gov.cn,http://www.ccgp-heilongj.gov.cn/,provincial_government_procurement,school;hospital,黑龙江,1,exact_domain,http://www.ccgp.gov.cn/,2026-07-22,中国政府采购网地方分网
ggzy-national,全国公共资源交易平台,ggzy.gov.cn,https://www.ggzy.gov.cn/,public_resource,school;hospital,全国,1,exact_domain,https://www.ggzy.gov.cn/,2026-07-22,
central-procurement,中央政府采购网,zycg.gov.cn,https://www.zycg.gov.cn/,centralized_procurement,school;hospital,全国,2,exact_domain,https://www.zycg.gov.cn/,2026-07-22,
ggzy-shanghai,上海公共资源交易平台,shggzy.com,http://www.shggzy.com/,provincial_public_resource,school;hospital,上海,2,exact_domain,https://www.ggzy.gov.cn/,2026-07-22,全国公共资源交易平台地方平台目录
ggzy-yunnan,云南公共资源交易平台,ggzy.yn.gov.cn,https://ggzy.yn.gov.cn/#/homePage,provincial_public_resource,school;hospital,云南,2,exact_domain,https://www.ggzy.gov.cn/,2026-07-22,全国公共资源交易平台地方平台目录
ggzy-bingtuan,兵团公共资源交易平台,ggzy.xjbt.gov.cn,http://ggzy.xjbt.gov.cn/,provincial_public_resource,school;hospital,兵团,2,exact_domain,https://www.ggzy.gov.cn/,2026-07-22,全国公共资源交易平台地方平台目录
ggzy-inner-mongolia,内蒙古公共资源交易平台,ggzyjy.nmg.gov.cn,http://ggzyjy.nmg.gov.cn,provincial_public_resource,school;hospital,内蒙古,2,exact_domain,https://www.ggzy.gov.cn/,2026-07-22,全国公共资源交易平台地方平台目录
ggzy-beijing,北京公共资源交易平台,ggzyfw.beijing.gov.cn,http://ggzyfw.beijing.gov.cn/,provincial_public_resource,school;hospital,北京,2,exact_domain,https://www.ggzy.gov.cn/,2026-07-22,全国公共资源交易平台地方平台目录
ggzy-jilin,吉林公共资源交易平台,jl.gov.cn,http://www.jl.gov.cn/ggzy/,provincial_public_resource,school;hospital,吉林,2,exact_domain,https://www.ggzy.gov.cn/,2026-07-22,全国公共资源交易平台地方平台目录
ggzy-sichuan,四川公共资源交易平台,ggzyjy.sc.gov.cn,http://ggzyjy.sc.gov.cn,provincial_public_resource,school;hospital,四川,2,exact_domain,https://www.ggzy.gov.cn/,2026-07-22,全国公共资源交易平台地方平台目录
ggzy-tianjin,天津公共资源交易平台,ggzy.zwfwb.tj.gov.cn,http://ggzy.zwfwb.tj.gov.cn/,provincial_public_resource,school;hospital,天津,2,exact_domain,https://www.ggzy.gov.cn/,2026-07-22,全国公共资源交易平台地方平台目录
ggzy-ningxia,宁夏公共资源交易平台,ggzyjy.fzggw.nx.gov.cn,https://ggzyjy.fzggw.nx.gov.cn/,provincial_public_resource,school;hospital,宁夏,2,exact_domain,https://www.ggzy.gov.cn/,2026-07-22,全国公共资源交易平台地方平台目录
ggzy-anhui,安徽公共资源交易平台,ggzy.ah.gov.cn,http://ggzy.ah.gov.cn,provincial_public_resource,school;hospital,安徽,2,exact_domain,https://www.ggzy.gov.cn/,2026-07-22,全国公共资源交易平台地方平台目录
ggzy-shandong,山东公共资源交易平台,ggzyjy.shandong.gov.cn,https://ggzyjy.shandong.gov.cn/,provincial_public_resource,school;hospital,山东,2,exact_domain,https://www.ggzy.gov.cn/,2026-07-22,全国公共资源交易平台地方平台目录
ggzy-shanxi,山西公共资源交易平台,prec.sxzwfw.gov.cn,http://prec.sxzwfw.gov.cn,provincial_public_resource,school;hospital,山西,2,exact_domain,https://www.ggzy.gov.cn/,2026-07-22,全国公共资源交易平台地方平台目录
ggzy-guangdong,广东公共资源交易平台,ygp.gdzwfw.gov.cn,https://ygp.gdzwfw.gov.cn/#/44/index,provincial_public_resource,school;hospital,广东,2,exact_domain,https://www.ggzy.gov.cn/,2026-07-22,全国公共资源交易平台地方平台目录
ggzy-guangxi,广西公共资源交易平台,ggzy.jgswj.gxzf.gov.cn,http://ggzy.jgswj.gxzf.gov.cn/gxggzy/,provincial_public_resource,school;hospital,广西,2,exact_domain,https://www.ggzy.gov.cn/,2026-07-22,全国公共资源交易平台地方平台目录
ggzy-xinjiang,新疆公共资源交易平台,ggzy.xinjiang.gov.cn,https://ggzy.xinjiang.gov.cn,provincial_public_resource,school;hospital,新疆,2,exact_domain,https://www.ggzy.gov.cn/,2026-07-22,全国公共资源交易平台地方平台目录
ggzy-jiangsu,江苏公共资源交易平台,jsggzy.jszwfw.gov.cn,http://jsggzy.jszwfw.gov.cn/,provincial_public_resource,school;hospital,江苏,2,exact_domain,https://www.ggzy.gov.cn/,2026-07-22,全国公共资源交易平台地方平台目录
ggzy-jiangxi,江西公共资源交易平台,jxsggzy.cn,https://www.jxsggzy.cn/,provincial_public_resource,school;hospital,江西,2,exact_domain,https://www.ggzy.gov.cn/,2026-07-22,全国公共资源交易平台地方平台目录
ggzy-hebei,河北公共资源交易平台,szj.hebei.gov.cn,https://szj.hebei.gov.cn/hbggfwpt/,provincial_public_resource,school;hospital,河北,2,exact_domain,https://www.ggzy.gov.cn/,2026-07-22,全国公共资源交易平台地方平台目录
ggzy-henan,河南公共资源交易平台,ggzy.fgw.henan.gov.cn,http://ggzy.fgw.henan.gov.cn/,provincial_public_resource,school;hospital,河南,2,exact_domain,https://www.ggzy.gov.cn/,2026-07-22,全国公共资源交易平台地方平台目录
ggzy-zhejiang,浙江公共资源交易平台,ggzy.zj.gov.cn,https://ggzy.zj.gov.cn,provincial_public_resource,school;hospital,浙江,2,exact_domain,https://www.ggzy.gov.cn/,2026-07-22,全国公共资源交易平台地方平台目录
ggzy-hainan,海南公共资源交易平台,zw.hainan.gov.cn,http://zw.hainan.gov.cn/ggzy/,provincial_public_resource,school;hospital,海南,2,exact_domain,https://www.ggzy.gov.cn/,2026-07-22,全国公共资源交易平台地方平台目录
ggzy-hubei,湖北公共资源交易平台,hbggzyfwpt.cn,http://www.hbggzyfwpt.cn/,provincial_public_resource,school;hospital,湖北,2,exact_domain,https://www.ggzy.gov.cn/,2026-07-22,全国公共资源交易平台地方平台目录
ggzy-hunan,湖南公共资源交易平台,hnsggzy.com,http://www.hnsggzy.com,provincial_public_resource,school;hospital,湖南,2,exact_domain,https://www.ggzy.gov.cn/,2026-07-22,全国公共资源交易平台地方平台目录
ggzy-gansu,甘肃公共资源交易平台,ggzyjy.gansu.gov.cn,https://ggzyjy.gansu.gov.cn/,provincial_public_resource,school;hospital,甘肃,2,exact_domain,https://www.ggzy.gov.cn/,2026-07-22,全国公共资源交易平台地方平台目录
ggzy-fujian,福建公共资源交易平台,ggzyfw.fujian.gov.cn,https://ggzyfw.fujian.gov.cn/,provincial_public_resource,school;hospital,福建,2,exact_domain,https://www.ggzy.gov.cn/,2026-07-22,全国公共资源交易平台地方平台目录
ggzy-xizang,西藏公共资源交易平台,ggzy.xizang.gov.cn,http://ggzy.xizang.gov.cn/,provincial_public_resource,school;hospital,西藏,2,exact_domain,https://www.ggzy.gov.cn/,2026-07-22,全国公共资源交易平台地方平台目录
ggzy-guizhou,贵州公共资源交易平台,ggzy.guizhou.gov.cn,http://ggzy.guizhou.gov.cn,provincial_public_resource,school;hospital,贵州,2,exact_domain,https://www.ggzy.gov.cn/,2026-07-22,全国公共资源交易平台地方平台目录
ggzy-liaoning,辽宁公共资源交易平台,lnggzy.gov.cn,http://www.lnggzy.gov.cn/,provincial_public_resource,school;hospital,辽宁,2,exact_domain,https://www.ggzy.gov.cn/,2026-07-22,全国公共资源交易平台地方平台目录
ggzy-chongqing,重庆公共资源交易平台,cqggzy.com,http://www.cqggzy.com/,provincial_public_resource,school;hospital,重庆,2,exact_domain,https://www.ggzy.gov.cn/,2026-07-22,全国公共资源交易平台地方平台目录
ggzy-shaanxi,陕西公共资源交易平台,sxggzyjy.cn,http://www.sxggzyjy.cn/,provincial_public_resource,school;hospital,陕西,2,exact_domain,https://www.ggzy.gov.cn/,2026-07-22,全国公共资源交易平台地方平台目录
ggzy-qinghai,青海公共资源交易平台,qhggzyjy.gov.cn,http://www.qhggzyjy.gov.cn/ggzy/,provincial_public_resource,school;hospital,青海,2,exact_domain,https://www.ggzy.gov.cn/,2026-07-22,全国公共资源交易平台地方平台目录
ggzy-heilongjiang,黑龙江公共资源交易平台,ggzyjyw.hlj.gov.cn,https://ggzyjyw.hlj.gov.cn,provincial_public_resource,school;hospital,黑龙江,2,exact_domain,https://www.ggzy.gov.cn/,2026-07-22,全国公共资源交易平台地方平台目录
ceb-national,中国招标投标公共服务平台,cebpubservice.com,http://www.cebpubservice.com/,statutory_tender,school;hospital,全国,2,exact_domain,https://www.ggzy.gov.cn/,2026-07-22,
ccgp-xiamen,厦门政府采购网,ccgp-xiamen.gov.cn,http://ccgp-xiamen.gov.cn/,subprovincial_government_procurement,school;hospital,厦门,2,exact_domain,http://www.ccgp.gov.cn/,2026-07-22,中国政府采购网地方分网
ccgp-dalian,大连政府采购网,ccgp-dalian.gov.cn,http://www.ccgp-dalian.gov.cn,subprovincial_government_procurement,school;hospital,大连,2,exact_domain,http://www.ccgp.gov.cn/,2026-07-22,中国政府采购网地方分网
ccgp-ningbo,宁波政府采购网,ccgp-ningbo.gov.cn,https://www.ccgp-ningbo.gov.cn,subprovincial_government_procurement,school;hospital,宁波,2,exact_domain,http://www.ccgp.gov.cn/,2026-07-22,中国政府采购网地方分网
ccgp-shenzhen,深圳政府采购网,ccgp-shenzhen.gov.cn,http://ccgp-shenzhen.gov.cn,subprovincial_government_procurement,school;hospital,深圳,2,exact_domain,http://www.ccgp.gov.cn/,2026-07-22,中国政府采购网地方分网
ccgp-qingdao,青岛政府采购网,ccgp-qingdao.gov.cn,http://www.ccgp-qingdao.gov.cn/qdsite/,subprovincial_government_procurement,school;hospital,青岛,2,exact_domain,http://www.ccgp.gov.cn/,2026-07-22,中国政府采购网地方分网
cernet,中国教育和科研计算机网,cernet.edu.cn,https://www.cernet.edu.cn/,education_discovery,school,全国,3,exact_domain,https://www.cernet.edu.cn/,2026-07-22,教育招标线索发现
nhc,国家卫生健康委员会,nhc.gov.cn,https://www.nhc.gov.cn/,health_government,hospital,全国,3,exact_domain,https://www.nhc.gov.cn/,2026-07-22,卫生健康系统通知与直属单位线索
